reaction_id,q1h_idx,q2_idx,q1_idx,q2h_idx
[H][H]_m1.[O]_m3>>[H]_m2.[OH]_m2,1,0,0,1
O_m1.[H]_m2>>[OH]_m2.[H][H]_m1,2,0,0,1
O_m1.[O]_m3>>[OH]_m2.[OH]_m2,2,0,0,1
OO_m1.[H]_m2>>O[O]_m2.[H][H]_m1,3,0,1,1
OO_m1.[O]_m3>>O[O]_m2.[OH]_m2,3,0,1,1
OO_m1.[OH]_m2>>O[O]_m2.O_m1,3,0,1,2
OO_m1.[OH]_m2>>O[O]_m2.O_m1,3,0,1,2
O[O]_m2.[H]_m2>>[O][O]_m3.[H][H]_m1,2,0,1,1
O[O]_m2.[O]_m3>>[O][O]_m3.[OH]_m2,2,0,1,1
O[O]_m2.[OH]_m2>>[O][O]_m3.O_m1,2,0,1,2
O[O]_m2.[OH]_m2>>[O][O]_m3.O_m1,2,0,1,2
O[O]_m2.O[O]_m2>>[O][O]_m3.OO_m1,2,1,1,3
O[O]_m2.O[O]_m2>>[O][O]_m3.OO_m1,2,1,1,3
C_m1.[H]_m2>>[CH3]_m2.[H][H]_m1,4,0,0,1
C_m1.[O]_m3>>[CH3]_m2.[OH]_m2,4,0,0,1
C_m1.[OH]_m2>>[CH3]_m2.O_m1,4,0,0,2
C_m1.O[O]_m2>>[CH3]_m2.OO_m1,4,1,0,3
C_m1.CO[O]_m2>>[CH3]_m2.COO_m1,4,2,0,6
O[O]_m2.[CH3]_m2>>[O][O]_m3.C_m1,2,0,1,4
C_m1.[CH2]_m3>>[CH3]_m2.[CH3]_m2,4,0,0,3
[CH3]_m2.[H]_m2>>[CH2]_m1.[H][H]_m1,3,0,0,1
[CH2]_m1.[H]_m2>>[CH]_m4.[H][H]_m1,2,0,0,1
[CH2]_m3.[H]_m2>>[CH]_m4.[H][H]_m1,2,0,0,1
[CH2]_m3.[OH]_m2>>[CH]_m4.O_m1,2,0,0,2
[CH]_m4.[H]_m2>>[C]_m5.[H][H]_m1,1,0,0,1
[CH3]_m2.[OH]_m2>>[CH2]_m1.O_m1,3,0,0,2
[CH3]_m2.[OH]_m2>>[CH2]_m3.O_m1,3,0,0,2
O[O]_m2.CO[O]_m2>>[O][O]_m3.COO_m1,2,2,1,6
OO_m1.CO[O]_m2>>O[O]_m2.COO_m1,3,2,1,6
COO_m1.[H]_m2>>CO[O]_m2.[H][H]_m1,6,0,2,1
CO_m1.[H]_m2>>C[O]_m2.[H][H]_m1,5,0,1,1
CO_m1.[H]_m2>>[CH2]O_m2.[H][H]_m1,4,0,0,1
CO_m1.[O]_m3>>C[O]_m2.[OH]_m2,5,0,1,1
CO_m1.[O]_m3>>[CH2]O_m2.[OH]_m2,4,0,0,1
CO_m1.[OH]_m2>>C[O]_m2.O_m1,5,0,1,2
CO_m1.[OH]_m2>>[CH2]O_m2.O_m1,4,0,0,2
CO_m1.[O][O]_m3>>C[O]_m2.O[O]_m2,5,1,1,2
CO_m1.[O][O]_m3>>[CH2]O_m2.O[O]_m2,4,1,0,2
CO_m1.O[O]_m2>>C[O]_m2.OO_m1,5,1,1,3
CO_m1.O[O]_m2>>[CH2]O_m2.OO_m1,4,1,0,3
CO_m1.[CH3]_m2>>[CH2]O_m2.C_m1,4,0,0,4
CO_m1.[CH3]_m2>>C[O]_m2.C_m1,5,0,1,4
CO_m1.[CH]=O_m2>>[CH2]O_m2.C=O_m1,4,0,0,3
CO_m1.C[O]_m2>>[CH2]O_m2.CO_m1,4,1,0,5
CO_m1.CO[O]_m2>>[CH2]O_m2.COO_m1,4,2,0,6
[CH2]O_m2.[O][O]_m3>>C=O_m1.O[O]_m2,4,1,1,2
[CH2]O_m2.[O][O]_m3>>C=O_m1.O[O]_m2,4,1,1,2
[CH2]O_m2.[H]_m2>>C=O_m1.[H][H]_m1,4,0,1,1
[CH2]O_m2.O[O]_m2>>C=O_m1.OO_m1,4,1,1,3
[CH2]O_m2.[CH]=O_m2>>C=O_m1.C=O_m1,4,0,1,3
[CH]=O_m2.[CH2]O_m2>>[C]=O_m3.CO_m1,1,0,0,4
[CH2]O_m2.C[O]_m2>>C=O_m1.CO_m1,4,1,1,5
[CH2]O_m2.[OH]_m2>>C=O_m1.O_m1,4,0,1,2
[CH2]O_m2.[O]_m3>>C=O_m1.[OH]_m2,4,0,1,1
[CH2]O_m2.[CH2]O_m2>>C=O_m1.CO_m1,4,0,1,4
C[O]_m2.[O][O]_m3>>C=O_m1.O[O]_m2,4,1,0,2
C[O]_m2.[H]_m2>>C=O_m1.[H][H]_m1,4,0,0,1
C[O]_m2.O[O]_m2>>C=O_m1.OO_m1,4,1,0,3
C[O]_m2.[CH3]_m2>>C=O_m1.C_m1,4,0,0,4
C[O]_m2.C[O]_m2>>C=O_m1.CO_m1,4,1,0,5
[CH]O_m3.[OH]_m2>>[CH]=O_m2.O_m1,3,0,2,2
C=O_m1.[O][O]_m3>>[CH]=O_m2.O[O]_m2,3,1,0,2
C=O_m1.[O]_m3>>[CH]=O_m2.[OH]_m2,3,0,0,1
C=O_m1.[H]_m2>>[CH]=O_m2.[H][H]_m1,3,0,0,1
C=O_m1.[OH]_m2>>[CH]=O_m2.O_m1,3,0,0,2
C=O_m1.O[O]_m2>>[CH]=O_m2.OO_m1,3,1,0,3
C=O_m1.[CH3]_m2>>[CH]=O_m2.C_m1,3,0,0,4
C=O_m1.[O]OC=O_m2>>[CH]=O_m2.OOC=O_m1,3,0,0,4
C=O_m1.[O]C=O_m2>>[CH]=O_m2.OC=O_m1,3,2,0,3
C=O_m1.C[O]_m2>>[CH]=O_m2.CO_m1,3,1,0,5
C=O_m1.CO[O]_m2>>[CH]=O_m2.COO_m1,3,2,0,6
[CH]=O_m2.[O][O]_m3>>[C]=O_m3.O[O]_m2,1,1,0,2
[CH]=O_m2.[O]_m3>>[C]=O_m3.[OH]_m2,1,0,0,1
[CH]=O_m2.[H]_m2>>[C]=O_m3.[H][H]_m1,1,0,0,1
[CH]=O_m2.[OH]_m2>>[C]=O_m3.O_m1,1,0,0,2
[CH]=O_m2.[CH3]_m2>>[C]=O_m3.C_m1,1,0,0,4
[CH]=O_m2.[CH]=O_m2>>[C]=O_m3.C=O_m1,1,0,0,3
O[O]_m2.[O]OCO_m2>>[O][O]_m3.OOCO_m1,2,0,1,4
O[O]_m2.[O]C=O_m2>>[O][O]_m3.OC=O_m1,2,2,1,3
OO_m1.[O]C=O_m2>>O[O]_m2.OC=O_m1,3,2,1,3
CC_m1.[O][O]_m3>>C[CH2]_m2.O[O]_m2,4,1,1,2
CC_m1.[O]_m3>>C[CH2]_m2.[OH]_m2,4,0,1,1
CC_m1.[H]_m2>>C[CH2]_m2.[H][H]_m1,4,0,1,1
CC_m1.[OH]_m2>>C[CH2]_m2.O_m1,4,0,1,2
CC_m1.O[O]_m2>>C[CH2]_m2.OO_m1,4,1,1,3
CC_m1.[CH]_m4>>C[CH2]_m2.[CH2]_m3,4,0,1,2
CC_m1.[CH2]_m1>>C[CH2]_m2.[CH3]_m2,4,0,1,3
CC_m1.[CH3]_m2>>C[CH2]_m2.C_m1,4,0,1,4
CC_m1.C[O]_m2>>C[CH2]_m2.CO_m1,4,1,1,5
CC_m1.CO[O]_m2>>C[CH2]_m2.COO_m1,4,2,1,6
CC_m1.CCO[O]_m2>>C[CH2]_m2.CCOO_m1,4,3,1,9
C[CH2]_m2.[H]_m2>>C=C_m1.[H][H]_m1,6,0,1,1
C=C_m1.C=C_m1>>C=[CH]_m2.C[CH2]_m2,3,1,1,6
C[CH2]_m2.[CH3]_m2>>C=C_m1.C_m1,6,0,1,4
C[CH2]_m2.[O][O]_m3>>C=C_m1.O[O]_m2,6,1,1,2
CCOO_m1.[H]_m2>>CCO[O]_m2.[H][H]_m1,9,0,3,1
O[O]_m2.CCO[O]_m2>>[O][O]_m3.CCOO_m1,2,3,1,9
C=O_m1.CCO[O]_m2>>[CH]=O_m2.CCOO_m1,3,3,0,9
C_m1.CCO[O]_m2>>[CH3]_m2.CCOO_m1,4,3,0,9
CO_m1.CCO[O]_m2>>[CH2]O_m2.CCOO_m1,4,3,0,9
O1CC1_m1.[H]_m2>>O1[CH]C1_m2.[H][H]_m1,4,0,1,1
O1CC1_m1.[OH]_m2>>O1[CH]C1_m2.O_m1,4,0,1,2
O1CC1_m1.O[O]_m2>>O1[CH]C1_m2.OO_m1,4,1,1,3
O1CC1_m1.[CH3]_m2>>O1[CH]C1_m2.C_m1,4,0,1,4
O1CC1_m1.C[O]_m2>>O1[CH]C1_m2.CO_m1,4,1,1,5
O1CC1_m1.CO[O]_m2>>O1[CH]C1_m2.COO_m1,4,2,1,6
O1CC1_m1.CCO[O]_m2>>O1[CH]C1_m2.CCOO_m1,4,3,1,9
C=C_m1.[O][O]_m3>>C=[CH]_m2.O[O]_m2,3,1,1,2
C=C_m1.[H]_m2>>C=[CH]_m2.[H][H]_m1,3,0,1,1
C=C_m1.[OH]_m2>>C=[CH]_m2.O_m1,3,0,1,2
C=C_m1.C[O]_m2>>C=[CH]_m2.CO_m1,3,1,1,5
C=C_m1.CO[O]_m2>>C=[CH]_m2.COO_m1,3,2,1,6
C=C_m1.CCO[O]_m2>>C=[CH]_m2.CCOO_m1,3,3,1,9
C=C_m1.CC(=O)O[O]_m2>>C=[CH]_m2.CC(=O)OO_m1,3,4,1,8
C=C_m1.[CH3]_m2>>C=[CH]_m2.C_m1,3,0,1,4
C=C_m1.[CH3]_m2>>C=[CH]_m2.C_m1,3,0,1,4
C=[CH]_m2.[O][O]_m3>>C#C_m1.O[O]_m2,4,1,1,2
C=[CH]_m2.[O][O]_m3>>C#C_m1.O[O]_m2,4,1,1,2
C=[CH]_m2.[H]_m2>>C#C_m1.[H][H]_m1,4,0,1,1
C=[CH]_m2.[H]_m2>>C=[C]_m3.[H][H]_m1,2,0,1,1
C=[CH]_m2.[OH]_m2>>C#C_m1.O_m1,4,0,1,2
C=[CH]_m2.[CH3]_m2>>C#C_m1.C_m1,4,0,1,4
C=[CH]_m2.C=[CH]_m2>>C#C_m1.C=C_m1,4,1,1,3
[CH]=O_m2.C#C_m1>>[C]=O_m3.C=[CH]_m2,1,1,0,4
C#C_m1.[OH]_m2>>C#[C]_m2.O_m1,3,0,1,2
C#C_m1.[H]_m2>>C#[C]_m2.[H][H]_m1,3,0,1,1
CC=O_m1.[O][O]_m3>>C[C]=O_m2.O[O]_m2,6,1,1,2
CC=O_m1.[O]_m3>>C[C]=O_m2.[OH]_m2,6,0,1,1
CC=O_m1.[H]_m2>>C[C]=O_m2.[H][H]_m1,6,0,1,1
CC=O_m1.[OH]_m2>>C[C]=O_m2.O_m1,6,0,1,2
CC=O_m1.O[O]_m2>>C[C]=O_m2.OO_m1,6,1,1,3
CC=O_m1.[CH3]_m2>>C[C]=O_m2.C_m1,6,0,1,4
CC=O_m1.CO[O]_m2>>C[C]=O_m2.COO_m1,6,2,1,6
CC=O_m1.CC(=O)O[O]_m2>>C[C]=O_m2.CC(=O)OO_m1,6,4,1,8
CC=O_m1.[H]_m2>>[CH2]C=O_m2.[H][H]_m1,5,0,0,1
CC=O_m1.[OH]_m2>>[CH2]C=O_m2.O_m1,5,0,0,2
C[C]=O_m2.[H]_m2>>C=C=O_m1.[H][H]_m1,5,0,0,1
C[C]=O_m2.[O]_m3>>C=C=O_m1.[OH]_m2,5,0,0,1
C[C]=O_m2.[CH3]_m2>>C=C=O_m1.C_m1,5,0,0,4
O[O]_m2.CC(=O)O[O]_m2>>[O][O]_m3.CC(=O)OO_m1,2,4,1,8
OO_m1.CC(=O)O[O]_m2>>O[O]_m2.CC(=O)OO_m1,3,4,1,8
C_m1.CC(=O)O[O]_m2>>[CH3]_m2.CC(=O)OO_m1,4,4,0,8
OC=C_m1.[O][O]_m3>>[CH2]C=O_m2.O[O]_m2,3,1,4,2
OC=C_m1.[O]_m3>>[CH2]C=O_m2.[OH]_m2,3,0,4,1
OC=C_m1.[H]_m2>>[CH2]C=O_m2.[H][H]_m1,3,0,4,1
OC=C_m1.[OH]_m2>>[CH2]C=O_m2.O_m1,3,0,4,2
OC=C_m1.[CH3]_m2>>[CH2]C=O_m2.C_m1,3,0,4,4
OC=C_m1.CO[O]_m2>>[CH2]C=O_m2.COO_m1,3,2,4,6
OC=C_m1.[H]_m2>>OC=[CH]_m2.[H][H]_m1,6,0,2,1
C=O_m1.CC(=O)O[O]_m2>>[CH]=O_m2.CC(=O)OO_m1,3,4,0,8
CC_m1.CC(=O)O[O]_m2>>C[CH2]_m2.CC(=O)OO_m1,4,4,1,8
[CH2]C=O_m2.[O][O]_m3>>C=C=O_m1.O[O]_m2,5,1,1,2
C=C=O_m1.[H]_m2>>[CH]=C=O_m2.[H][H]_m1,4,0,0,1
C=C=O_m1.[O]_m3>>[CH]=C=O_m2.[OH]_m2,4,0,0,1
C=C=O_m1.[OH]_m2>>[CH]=C=O_m2.O_m1,4,0,0,2
CCO_m1.[O]_m3>>CC[O]_m2.[OH]_m2,8,0,2,1
CCO_m1.[OH]_m2>>CC[O]_m2.O_m1,8,0,2,2
CCO_m1.[H]_m2>>CC[O]_m2.[H][H]_m1,8,0,2,1
CCO_m1.O[O]_m2>>CC[O]_m2.OO_m1,8,1,2,3
CCO_m1.[CH3]_m2>>CC[O]_m2.C_m1,8,0,2,4
CCO_m1.CO[O]_m2>>CC[O]_m2.COO_m1,8,2,2,6
CCO_m1.C[CH2]_m2>>[CH2]CO_m2.CC_m1,5,1,0,4
CCO_m1.[O][O]_m3>>C[CH]O_m2.O[O]_m2,7,1,1,2
CCO_m1.[O]_m3>>C[CH]O_m2.[OH]_m2,7,0,1,1
CCO_m1.[H]_m2>>C[CH]O_m2.[H][H]_m1,7,0,1,1
CCO_m1.[OH]_m2>>C[CH]O_m2.O_m1,7,0,1,2
CCO_m1.O[O]_m2>>C[CH]O_m2.OO_m1,7,1,1,3
CCO_m1.[CH3]_m2>>C[CH]O_m2.C_m1,7,0,1,4
CCO_m1.CO[O]_m2>>C[CH]O_m2.COO_m1,7,2,1,6
CCO_m1.C[CH2]_m2>>C[CH]O_m2.CC_m1,7,1,1,4
CCO_m1.[O][O]_m3>>[CH2]CO_m2.O[O]_m2,5,1,0,2
CCO_m1.[O]_m3>>[CH2]CO_m2.[OH]_m2,5,0,0,1
CCO_m1.[H]_m2>>[CH2]CO_m2.[H][H]_m1,5,0,0,1
CCO_m1.[OH]_m2>>[CH2]CO_m2.O_m1,5,0,0,2
CCO_m1.O[O]_m2>>[CH2]CO_m2.OO_m1,5,1,0,3
CCO_m1.[CH3]_m2>>[CH2]CO_m2.C_m1,5,0,0,4
CCO_m1.CO[O]_m2>>[CH2]CO_m2.COO_m1,5,2,0,6
CC[O]_m2.[O][O]_m3>>CC=O_m1.O[O]_m2,7,1,1,2
C[CH]O_m2.[O][O]_m3>>CC=O_m1.O[O]_m2,7,1,2,2
C[CH]O_m2.[O][O]_m3>>OC=C_m1.O[O]_m2,6,1,2,2
COC_m1.[OH]_m2>>CO[CH2]_m2.O_m1,8,0,2,2
COC_m1.[H]_m2>>CO[CH2]_m2.[H][H]_m1,8,0,2,1
COC_m1.[O]_m3>>CO[CH2]_m2.[OH]_m2,8,0,2,1
COC_m1.O[O]_m2>>CO[CH2]_m2.OO_m1,8,1,2,3
COC_m1.CO[O]_m2>>CO[CH2]_m2.COO_m1,8,2,2,6
COC_m1.[CH3]_m2>>CO[CH2]_m2.C_m1,8,0,2,4
COC_m1.[O][O]_m3>>CO[CH2]_m2.O[O]_m2,8,1,2,2
COC_m1.C[O]_m2>>CO[CH2]_m2.CO_m1,8,1,2,5
COC_m1.COCO[O]_m2>>CO[CH2]_m2.COCOO_m1,8,4,2,10
COC_m1.[O]OC=O_m2>>CO[CH2]_m2.OOC=O_m1,8,0,2,4
COC_m1.[O]C=O_m2>>CO[CH2]_m2.OC=O_m1,8,2,2,3
C[O]_m2.CO[CH2]_m2>>C=O_m1.COC_m1,4,2,0,8
C=O_m1.CO[CH2]_m2>>[CH]=O_m2.COC_m1,3,2,0,8
CC=O_m1.CO[CH2]_m2>>C[C]=O_m2.COC_m1,6,2,1,8
C=O_m1.COCO[O]_m2>>[CH]=O_m2.COCOO_m1,3,4,0,10
CC=O_m1.COCO[O]_m2>>C[C]=O_m2.COCOO_m1,6,4,1,10
COC[O]_m2.[O][O]_m3>>COC=O_m1.O[O]_m2,8,1,2,2
[CH]=O_m2.C[O]_m2>>[C]=O_m3.CO_m1,1,1,0,5
COC=O_m1.[O][O]_m3>>CO[C]=O_m2.O[O]_m2,7,1,2,2
COC=O_m1.[O][O]_m3>>[CH2]OC=O_m2.O[O]_m2,6,1,0,2
COC=O_m1.[OH]_m2>>CO[C]=O_m2.O_m1,7,0,2,2
COC=O_m1.[OH]_m2>>[CH2]OC=O_m2.O_m1,6,0,0,2
COC=O_m1.O[O]_m2>>CO[C]=O_m2.OO_m1,7,1,2,3
COC=O_m1.O[O]_m2>>[CH2]OC=O_m2.OO_m1,6,1,0,3
COC=O_m1.[O]_m3>>CO[C]=O_m2.[OH]_m2,7,0,2,1
COC=O_m1.[O]_m3>>[CH2]OC=O_m2.[OH]_m2,6,0,0,1
COC=O_m1.[H]_m2>>CO[C]=O_m2.[H][H]_m1,7,0,2,1
COC=O_m1.[H]_m2>>[CH2]OC=O_m2.[H][H]_m1,6,0,0,1
COC=O_m1.[CH3]_m2>>CO[C]=O_m2.C_m1,7,0,2,4
COC=O_m1.[CH3]_m2>>[CH2]OC=O_m2.C_m1,6,0,0,4
COC=O_m1.C[O]_m2>>CO[C]=O_m2.CO_m1,7,1,2,5
COC=O_m1.C[O]_m2>>[CH2]OC=O_m2.CO_m1,6,1,0,5
COC=O_m1.CO[O]_m2>>CO[C]=O_m2.COO_m1,7,2,2,6
COC=O_m1.CO[O]_m2>>[CH2]OC=O_m2.COO_m1,6,2,0,6
COC=O_m1.[CH]=O_m2>>CO[C]=O_m2.C=O_m1,7,0,2,3
COC=O_m1.[CH]=O_m2>>[CH2]OC=O_m2.C=O_m1,6,0,0,3
CCC_m1.C[CH]C_m2>>CC[CH2]_m2.CCC_m1,5,1,2,7
CCC_m1.[O][O]_m3>>C[CH]C_m2.O[O]_m2,7,1,1,2
CCC_m1.[H]_m2>>C[CH]C_m2.[H][H]_m1,7,0,1,1
CCC_m1.[O]_m3>>C[CH]C_m2.[OH]_m2,7,0,1,1
CCC_m1.[OH]_m2>>C[CH]C_m2.O_m1,7,0,1,2
CCC_m1.O[O]_m2>>C[CH]C_m2.OO_m1,7,1,1,3
CCC_m1.[CH3]_m2>>C[CH]C_m2.C_m1,7,0,1,4
CCC_m1.C=[CH]_m2>>C[CH]C_m2.C=C_m1,7,1,1,3
CCC_m1.C[CH2]_m2>>C[CH]C_m2.CC_m1,7,1,1,4
CCC_m1.[CH2]C=C_m2>>C[CH]C_m2.CC=C_m1,7,4,1,5
CCC_m1.C[O]_m2>>C[CH]C_m2.CO_m1,7,1,1,5
CCC_m1.CO[O]_m2>>C[CH]C_m2.COO_m1,7,2,1,6
CCC_m1.CCO[O]_m2>>C[CH]C_m2.CCOO_m1,7,3,1,9
CCC_m1.CCCO[O]_m2>>C[CH]C_m2.CCCOO_m1,7,4,1,12
CCC_m1.CC(=O)O[O]_m2>>C[CH]C_m2.CC(=O)OO_m1,7,4,1,8
CCC_m1.[O]OC=O_m2>>C[CH]C_m2.OOC=O_m1,7,0,1,4
CCC_m1.[O]OC(C)C_m2>>C[CH]C_m2.OOC(C)C_m1,7,0,1,5
CCC_m1.[O][O]_m3>>CC[CH2]_m2.O[O]_m2,5,1,2,2
CCC_m1.[H]_m2>>CC[CH2]_m2.[H][H]_m1,5,0,2,1
CCC_m1.[O]_m3>>CC[CH2]_m2.[OH]_m2,5,0,2,1
CCC_m1.[OH]_m2>>CC[CH2]_m2.O_m1,5,0,2,2
CCC_m1.O[O]_m2>>CC[CH2]_m2.OO_m1,5,1,2,3
CCC_m1.[CH3]_m2>>CC[CH2]_m2.C_m1,5,0,2,4
CCC_m1.C=[CH]_m2>>CC[CH2]_m2.C=C_m1,5,1,2,3
CCC_m1.C[CH2]_m2>>CC[CH2]_m2.CC_m1,5,1,2,4
CCC_m1.[CH2]C=C_m2>>CC[CH2]_m2.CC=C_m1,5,4,2,5
CCC_m1.C[O]_m2>>CC[CH2]_m2.CO_m1,5,1,2,5
CCC_m1.CO[O]_m2>>CC[CH2]_m2.COO_m1,5,2,2,6
CCC_m1.CCO[O]_m2>>CC[CH2]_m2.CCOO_m1,5,3,2,9
CCC_m1.CCCO[O]_m2>>CC[CH2]_m2.CCCOO_m1,5,4,2,12
CCC_m1.[O]OC(C)C_m2>>CC[CH2]_m2.OOC(C)C_m1,5,0,2,5
CCC_m1.CC(=O)O[O]_m2>>CC[CH2]_m2.CC(=O)OO_m1,5,4,2,8
CCC_m1.[O]OC=O_m2>>CC[CH2]_m2.OOC=O_m1,5,0,2,4
C[CH]C_m2.[OH]_m2>>CC=C_m1.O_m1,9,0,2,2
CC([O])C_m2.[O][O]_m3>>CC(=O)C_m1.O[O]_m2,7,1,1,2
CC[CH2]_m2.[O][O]_m3>>CC=C_m1.O[O]_m2,9,1,1,2
CC[CH2]_m2.[O][O]_m3>>CC=C_m1.O[O]_m2,9,1,1,2
CCCOO_m1.[H]_m2>>CCCO[O]_m2.[H][H]_m1,12,0,4,1
O[O]_m2.CCCO[O]_m2>>[O][O]_m3.CCCOO_m1,2,4,1,12
C=O_m1.CCCO[O]_m2>>[CH]=O_m2.CCCOO_m1,3,4,0,12
C_m1.CCCO[O]_m2>>[CH3]_m2.CCCOO_m1,4,4,0,12
CO_m1.CCCO[O]_m2>>[CH2]O_m2.CCCOO_m1,4,4,0,12
CC=O_m1.CCCO[O]_m2>>C[C]=O_m2.CCCOO_m1,6,4,1,12
C=C_m1.CCCO[O]_m2>>C=[CH]_m2.CCCOO_m1,3,4,1,12
CC_m1.CCCO[O]_m2>>C[CH2]_m2.CCCOO_m1,4,4,1,12
C=CC=O_m1.CCCO[O]_m2>>C=C[C]=O_m2.CCCOO_m1,7,4,2,12
CCC=O_m1.CCCO[O]_m2>>CC[C]=O_m2.CCCOO_m1,9,4,2,12
OOC(C)C_m1.[H]_m2>>[O]OC(C)C_m2.[H][H]_m1,5,0,0,1
O[O]_m2.[O]OC(C)C_m2>>[O][O]_m3.OOC(C)C_m1,2,0,1,5
C=O_m1.[O]OC(C)C_m2>>[CH]=O_m2.OOC(C)C_m1,3,0,0,5
C_m1.[O]OC(C)C_m2>>[CH3]_m2.OOC(C)C_m1,4,0,0,5
CC=O_m1.[O]OC(C)C_m2>>C[C]=O_m2.OOC(C)C_m1,6,0,1,5
C=C_m1.[O]OC(C)C_m2>>C=[CH]_m2.OOC(C)C_m1,3,0,1,5
CO_m1.[O]OC(C)C_m2>>[CH2]O_m2.OOC(C)C_m1,4,0,0,5
CC_m1.[O]OC(C)C_m2>>C[CH2]_m2.OOC(C)C_m1,4,0,1,5
C=CC=O_m1.[O]OC(C)C_m2>>C=C[C]=O_m2.OOC(C)C_m1,7,0,2,5
CCC=O_m1.[O]OC(C)C_m2>>CC[C]=O_m2.OOC(C)C_m1,9,0,2,5
C=C_m1.[CH2]_m1>>C=[CH]_m2.[CH3]_m2,3,0,1,3
C=C_m1.[CH2]_m1>>C=[CH]_m2.[CH3]_m2,3,0,1,3
CC=C_m1.[H]_m2>>[CH2]C=C_m2.[H][H]_m1,5,0,4,1
CC=C_m1.[O][O]_m3>>[CH2]C=C_m2.O[O]_m2,5,1,4,2
CC=C_m1.[O]_m3>>[CH2]C=C_m2.[OH]_m2,5,0,4,1
CC=C_m1.[OH]_m2>>[CH2]C=C_m2.O_m1,5,0,4,2
CC=C_m1.O[O]_m2>>[CH2]C=C_m2.OO_m1,5,1,4,3
CC=C_m1.[CH3]_m2>>[CH2]C=C_m2.C_m1,5,0,4,4
CC=C_m1.C[O]_m2>>[CH2]C=C_m2.CO_m1,5,1,4,5
CC=C_m1.CO[O]_m2>>[CH2]C=C_m2.COO_m1,5,2,4,6
CC=C_m1.C[CH2]_m2>>[CH2]C=C_m2.CC_m1,5,1,4,4
CC=C_m1.CCO[O]_m2>>[CH2]C=C_m2.CCOO_m1,5,3,4,9
CC=C_m1.CC(=O)O[O]_m2>>[CH2]C=C_m2.CC(=O)OO_m1,5,4,4,8
CC=C_m1.CCCO[O]_m2>>[CH2]C=C_m2.CCCOO_m1,5,4,4,12
CC=C_m1.[O]OC(C)C_m2>>[CH2]C=C_m2.OOC(C)C_m1,5,0,4,5
CC=C_m1.[H]_m2>>C[C]=C_m2.[H][H]_m1,6,0,1,1
CC=C_m1.[O]_m3>>C[C]=C_m2.[OH]_m2,6,0,1,1
CC=C_m1.[OH]_m2>>C[C]=C_m2.O_m1,6,0,1,2
CC=C_m1.O[O]_m2>>C[C]=C_m2.OO_m1,6,1,1,3
CC=C_m1.[O][O]_m3>>C[C]=C_m2.O[O]_m2,6,1,1,2
CC=C_m1.[CH3]_m2>>C[C]=C_m2.C_m1,6,0,1,4
CC=C_m1.[H]_m2>>CC=[CH]_m2.[H][H]_m1,8,0,2,1
CC=C_m1.[H]_m2>>CC=[CH]_m2.[H][H]_m1,8,0,2,1
CC=C_m1.[O][O]_m3>>CC=[CH]_m2.O[O]_m2,8,1,2,2
CC=C_m1.[O]_m3>>CC=[CH]_m2.[OH]_m2,8,0,2,1
CC=C_m1.[OH]_m2>>CC=[CH]_m2.O_m1,8,0,2,2
CC=C_m1.O[O]_m2>>CC=[CH]_m2.OO_m1,8,1,2,3
CC=C_m1.[CH3]_m2>>CC=[CH]_m2.C_m1,8,0,2,4
O[O]_m2.CC=C_m1>>[O][O]_m3.C[CH]C_m2,2,2,1,9
[CH2]C=C_m2.[H]_m2>>C=C=C_m1.[H][H]_m1,5,0,1,1
[CH2]C=C_m2.[OH]_m2>>C=C=C_m1.O_m1,5,0,1,2
[CH2]C=C_m2.[CH3]_m2>>C=C=C_m1.C_m1,5,0,1,4
[CH2]C=C_m2.C[CH2]_m2>>C=C=C_m1.CC_m1,5,1,1,4
[CH2]C=C_m2.C=[CH]_m2>>C=C=C_m1.C=C_m1,5,1,1,3
C=C=C_m1.C=C=C_m1>>[CH2]C#C_m2.[CH2]C=C_m2,6,1,4,5
CC=[CH]_m2.[H]_m2>>CC#C_m1.[H][H]_m1,7,0,1,1
CC=[CH]_m2.[CH3]_m2>>CC#C_m1.C_m1,7,0,1,4
C[C]=C_m2.[H]_m2>>CC#C_m1.[H][H]_m1,7,0,2,1
C[C]=C_m2.[CH3]_m2>>CC#C_m1.C_m1,7,0,2,4
[CH2]C=C_m2.[CH2]C=C_m2>>C=C=C_m1.CC=C_m1,5,4,1,5
C[CH2]_m2.[CH2]C=C_m2>>C=C_m1.CC=C_m1,6,4,1,5
[CH]=O_m2.[CH2]C=C_m2>>[C]=O_m3.CC=C_m1,1,4,0,5
[CH]=O_m2.CC=[CH]_m2>>[C]=O_m3.CC=C_m1,1,2,0,8
[CH]=O_m2.C[C]=C_m2>>[C]=O_m3.CC=C_m1,1,1,0,6
[CH2]C=C_m2.[O][O]_m3>>C=C=C_m1.O[O]_m2,5,1,1,2
C[C]=C_m2.[O][O]_m3>>C=C=C_m1.O[O]_m2,5,1,2,2
C=O_m1.C=[CH]_m2>>[CH]=O_m2.C=C_m1,3,1,0,3
OCC=C_m1.[H]_m2>>OC[C]=C_m2.[H][H]_m1,7,0,2,1
OCC=C_m1.[O][O]_m3>>OC[C]=C_m2.O[O]_m2,7,1,2,2
OCC=C_m1.[OH]_m2>>OC[C]=C_m2.O_m1,7,0,2,2
OCC=C_m1.[CH3]_m2>>OC[C]=C_m2.C_m1,7,0,2,4
OO_m1.OC[C]=C_m2>>O[O]_m2.OCC=C_m1,3,2,1,7
[O]CC=C_m2.[O][O]_m3>>C=CC=O_m1.O[O]_m2,5,1,2,2
CC#C_m1.[CH2]C#C_m2>>[CH2]C#C_m2.C=C=C_m1,5,4,0,6
CC#C_m1.[O][O]_m3>>[CH2]C#C_m2.O[O]_m2,5,1,0,2
CC#C_m1.[O]_m3>>[CH2]C#C_m2.[OH]_m2,5,0,0,1
CC#C_m1.[H]_m2>>[CH2]C#C_m2.[H][H]_m1,5,0,0,1
CC#C_m1.[OH]_m2>>[CH2]C#C_m2.O_m1,5,0,0,2
CC#C_m1.O[O]_m2>>[CH2]C#C_m2.OO_m1,5,1,0,3
CC#C_m1.[CH3]_m2>>[CH2]C#C_m2.C_m1,5,0,0,4
CC#C_m1.CO[O]_m2>>[CH2]C#C_m2.COO_m1,5,2,0,6
CC#C_m1.C#[C]_m2>>[CH2]C#C_m2.C#C_m1,5,1,0,3
CC#C_m1.C=[CH]_m2>>[CH2]C#C_m2.C=C_m1,5,1,0,3
CC#C_m1.[CH2]C=C_m2>>[CH2]C#C_m2.CC=C_m1,5,4,0,5
C=C=C_m1.[H]_m2>>[CH2]C#C_m2.[H][H]_m1,6,0,4,1
C=C=C_m1.[O][O]_m3>>[CH2]C#C_m2.O[O]_m2,6,1,4,2
C=C=C_m1.[OH]_m2>>[CH2]C#C_m2.O_m1,6,0,4,2
C=C=C_m1.[CH3]_m2>>[CH2]C#C_m2.C_m1,6,0,4,4
C=C=C_m1.O[O]_m2>>[CH2]C#C_m2.OO_m1,6,1,4,3
C=C=C_m1.CO[O]_m2>>[CH2]C#C_m2.COO_m1,6,2,4,6
C=C=C_m1.[CH2]C=C_m2>>[CH2]C#C_m2.CC=C_m1,6,4,4,5
CCC=O_m1.[H]_m2>>C[CH]C=O_m2.[H][H]_m1,8,0,1,1
C=C=C_m1.C#[C]_m2>>[CH2]C#C_m2.C#C_m1,6,1,4,3
[CH]=O_m2.[CH2]C#C_m2>>[C]=O_m3.C=C=C_m1,1,4,0,6
[CH]=O_m2.[CH2]C#C_m2>>[C]=O_m3.CC#C_m1,1,0,0,5
[CH2]C#C_m2.[H]_m2>>C=C=[C]_m3.[H][H]_m1,5,0,2,1
[CH2]C#C_m2.[H]_m2>>C=C=[C]_m1.[H][H]_m1,5,0,2,1
[CH2]C#C_m2.[H]_m2>>C=C=[C]_m1.[H][H]_m1,5,0,2,1
[CH2]C#C_m2.[OH]_m2>>C=C=[C]_m3.O_m1,5,0,2,2
[CH2]C#C_m2.[OH]_m2>>C=C=[C]_m1.O_m1,5,0,2,2
[CH2]C#C_m2.[OH]_m2>>C=C=[C]_m1.O_m1,5,0,2,2
CC(=O)C_m1.[OH]_m2>>CC(=O)[CH2]_m2.O_m1,9,0,3,2
CC(=O)C_m1.[H]_m2>>CC(=O)[CH2]_m2.[H][H]_m1,9,0,3,1
CC(=O)C_m1.[O]_m3>>CC(=O)[CH2]_m2.[OH]_m2,9,0,3,1
CC(=O)C_m1.[CH3]_m2>>CC(=O)[CH2]_m2.C_m1,9,0,3,4
CC(=O)C_m1.C[O]_m2>>CC(=O)[CH2]_m2.CO_m1,9,1,3,5
CC(=O)C_m1.[O][O]_m3>>CC(=O)[CH2]_m2.O[O]_m2,9,1,3,2
CC(=O)C_m1.O[O]_m2>>CC(=O)[CH2]_m2.OO_m1,9,1,3,3
CC(=O)C_m1.CO[O]_m2>>CC(=O)[CH2]_m2.COO_m1,9,2,3,6
CC(=O)C_m1.CC(=O)CO[O]_m2>>CC(=O)[CH2]_m2.CC(=O)COO_m1,9,5,3,11
C=O_m1.CC(=O)CO[O]_m2>>[CH]=O_m2.CC(=O)COO_m1,3,5,0,11
O[O]_m2.CC(=O)CO[O]_m2>>[O][O]_m3.CC(=O)COO_m1,2,5,1,11
C=CC=O_m1.[H]_m2>>C=C[C]=O_m2.[H][H]_m1,7,0,2,1
C=CC=O_m1.[O]_m3>>C=C[C]=O_m2.[OH]_m2,7,0,2,1
C=CC=O_m1.[OH]_m2>>C=C[C]=O_m2.O_m1,7,0,2,2
C=CC=O_m1.[O][O]_m3>>C=C[C]=O_m2.O[O]_m2,7,1,2,2
C=CC=O_m1.O[O]_m2>>C=C[C]=O_m2.OO_m1,7,1,2,3
C=CC=O_m1.[CH3]_m2>>C=C[C]=O_m2.C_m1,7,0,2,4
C=CC=O_m1.C=[CH]_m2>>C=C[C]=O_m2.C=C_m1,7,1,2,3
C=CC=O_m1.C[O]_m2>>C=C[C]=O_m2.CO_m1,7,1,2,5
C=CC=O_m1.CO[O]_m2>>C=C[C]=O_m2.COO_m1,7,2,2,6
CCC=O_m1.[H]_m2>>CC[C]=O_m2.[H][H]_m1,9,0,2,1
CCC=O_m1.[O]_m3>>CC[C]=O_m2.[OH]_m2,9,0,2,1
CCC=O_m1.[OH]_m2>>CC[C]=O_m2.O_m1,9,0,2,2
CCC=O_m1.[CH3]_m2>>CC[C]=O_m2.C_m1,9,0,2,4
CCC=O_m1.O[O]_m2>>CC[C]=O_m2.OO_m1,9,1,2,3
CCC=O_m1.C[O]_m2>>CC[C]=O_m2.CO_m1,9,1,2,5
CCC=O_m1.CO[O]_m2>>CC[C]=O_m2.COO_m1,9,2,2,6
CCC=O_m1.C[CH2]_m2>>CC[C]=O_m2.CC_m1,9,1,2,4
CCC=O_m1.CC[O]_m2>>CC[C]=O_m2.CCO_m1,9,2,2,8
CCC=O_m1.CCO[O]_m2>>CC[C]=O_m2.CCOO_m1,9,3,2,9
CCC=O_m1.[O][O]_m3>>CC[C]=O_m2.O[O]_m2,9,1,2,2
CCC=O_m1.CC(=O)O[O]_m2>>CC[C]=O_m2.CC(=O)OO_m1,9,4,2,8
CCC=O_m1.C=[CH]_m2>>CC[C]=O_m2.C=C_m1,9,1,2,3
CCC=O_m1.CC[CH2]_m2>>CC[C]=O_m2.CCC_m1,9,2,2,5
CCC=O_m1.C[CH]C_m2>>CC[C]=O_m2.CCC_m1,9,1,2,7
CCC=O_m1.[CH2]C=C_m2>>CC[C]=O_m2.CC=C_m1,9,4,2,5
CCCC_m1.[H]_m2>>CCC[CH2]_m2.[H][H]_m1,13,0,3,1
CCCC_m1.[O][O]_m3>>CCC[CH2]_m2.O[O]_m2,13,1,3,2
CCCC_m1.[O]_m3>>CCC[CH2]_m2.[OH]_m2,13,0,3,1
CCCC_m1.[OH]_m2>>CCC[CH2]_m2.O_m1,13,0,3,2
CCCC_m1.O[O]_m2>>CCC[CH2]_m2.OO_m1,13,1,3,3
CCCC_m1.[CH3]_m2>>CCC[CH2]_m2.C_m1,13,0,3,4
CCCC_m1.C[O]_m2>>CCC[CH2]_m2.CO_m1,13,1,3,5
CCCC_m1.CO[O]_m2>>CCC[CH2]_m2.COO_m1,13,2,3,6
CCCC_m1.[O]OC=O_m2>>CCC[CH2]_m2.OOC=O_m1,13,0,3,4
CCCC_m1.C[CH2]_m2>>CCC[CH2]_m2.CC_m1,13,1,3,4
CCCC_m1.C=[CH]_m2>>CCC[CH2]_m2.C=C_m1,13,1,3,3
CCCC_m1.CC[O]_m2>>CCC[CH2]_m2.CCO_m1,13,2,3,8
CCCC_m1.CCO[O]_m2>>CCC[CH2]_m2.CCOO_m1,13,3,3,9
CCCC_m1.CC(=O)O[O]_m2>>CCC[CH2]_m2.CC(=O)OO_m1,13,4,3,8
CCCC_m1.[CH2]C=C_m2>>CCC[CH2]_m2.CC=C_m1,13,4,3,5
CCCC_m1.CCCO[O]_m2>>CCC[CH2]_m2.CCCOO_m1,13,4,3,12
CCCC_m1.[O]OC(C)C_m2>>CCC[CH2]_m2.OOC(C)C_m1,13,0,3,5
CCCC_m1.CCC[CH2]_m2>>C[CH]CC_m2.CCCC_m1,8,3,1,13
CCCC_m1.CCCCO[O]_m2>>CCC[CH2]_m2.CCCCOO_m1,13,5,3,15
CCCC_m1.CC(O[O])CC_m2>>CCC[CH2]_m2.CC(OO)CC_m1,13,3,3,10
CCCC_m1.[O]OCC(C)C_m2>>CCC[CH2]_m2.OOCC(C)C_m1,13,0,3,6
CCCC_m1.[O]OC(C)(C)C_m2>>CCC[CH2]_m2.OOC(C)(C)C_m1,13,0,3,6
CCCC_m1.[H]_m2>>C[CH]CC_m2.[H][H]_m1,8,0,1,1
CCCC_m1.[O][O]_m3>>C[CH]CC_m2.O[O]_m2,8,1,1,2
CCCC_m1.[O]_m3>>C[CH]CC_m2.[OH]_m2,8,0,1,1
CCCC_m1.[OH]_m2>>C[CH]CC_m2.O_m1,8,0,1,2
CCCC_m1.O[O]_m2>>C[CH]CC_m2.OO_m1,8,1,1,3
CCCC_m1.[CH3]_m2>>C[CH]CC_m2.C_m1,8,0,1,4
CCCC_m1.C[O]_m2>>C[CH]CC_m2.CO_m1,8,1,1,5
CCCC_m1.CO[O]_m2>>C[CH]CC_m2.COO_m1,8,2,1,6
CCCC_m1.[O]OC=O_m2>>C[CH]CC_m2.OOC=O_m1,8,0,1,4
CCCC_m1.C[CH2]_m2>>C[CH]CC_m2.CC_m1,8,1,1,4
CCCC_m1.C=[CH]_m2>>C[CH]CC_m2.C=C_m1,8,1,1,3
CCCC_m1.CC[O]_m2>>C[CH]CC_m2.CCO_m1,8,2,1,8
CCCC_m1.CCO[O]_m2>>C[CH]CC_m2.CCOO_m1,8,3,1,9
CCCC_m1.CC(=O)O[O]_m2>>C[CH]CC_m2.CC(=O)OO_m1,8,4,1,8
CCCC_m1.[CH2]C=C_m2>>C[CH]CC_m2.CC=C_m1,8,4,1,5
CCCC_m1.CCCO[O]_m2>>C[CH]CC_m2.CCCOO_m1,8,4,1,12
CCCC_m1.[O]OC(C)C_m2>>C[CH]CC_m2.OOC(C)C_m1,8,0,1,5
CCCC_m1.CCCCO[O]_m2>>C[CH]CC_m2.CCCCOO_m1,8,5,1,15
CCCC_m1.CC(O[O])CC_m2>>C[CH]CC_m2.CC(OO)CC_m1,8,3,1,10
CCCC_m1.[O]OCC(C)C_m2>>C[CH]CC_m2.OOCC(C)C_m1,8,0,1,6
CCCC_m1.[O]OC(C)(C)C_m2>>C[CH]CC_m2.OOC(C)(C)C_m1,8,0,1,6
CCC[CH2]_m2.[O][O]_m3>>CCC=C_m1.O[O]_m2,12,1,2,2
C[CH]CC_m2.[O][O]_m3>>CCC=C_m1.O[O]_m2,7,1,3,2
C[CH]CC_m2.[O][O]_m3>>CC=CC_m1.O[O]_m2,9,1,2,2
CCCCOO_m1.[H]_m2>>CCCCO[O]_m2.[H][H]_m1,15,0,5,1
O[O]_m2.CCCCO[O]_m2>>[O][O]_m3.CCCCOO_m1,2,5,1,15
OO_m1.CCCCO[O]_m2>>O[O]_m2.CCCCOO_m1,3,5,1,15
C_m1.CCCCO[O]_m2>>[CH3]_m2.CCCCOO_m1,4,5,0,15
CO_m1.CCCCO[O]_m2>>[CH2]O_m2.CCCCOO_m1,4,5,0,15
C=O_m1.CCCCO[O]_m2>>[CH]=O_m2.CCCCOO_m1,3,5,0,15
CC_m1.CCCCO[O]_m2>>C[CH2]_m2.CCCCOO_m1,4,5,1,15
CC=O_m1.CCCCO[O]_m2>>C[C]=O_m2.CCCCOO_m1,6,5,1,15
C=C_m1.CCCCO[O]_m2>>C=[CH]_m2.CCCCOO_m1,3,5,1,15
CC=C_m1.CCCCO[O]_m2>>[CH2]C=C_m2.CCCCOO_m1,5,5,4,15
CCC=O_m1.CCCCO[O]_m2>>CC[C]=O_m2.CCCCOO_m1,9,5,2,15
C=CC=O_m1.CCCCO[O]_m2>>C=C[C]=O_m2.CCCCOO_m1,7,5,2,15
CCC_m1.CCCCO[O]_m2>>CC[CH2]_m2.CCCCOO_m1,5,5,2,15
CCC_m1.CCCCO[O]_m2>>C[CH]C_m2.CCCCOO_m1,7,5,1,15
CC(OO)CC_m1.[H]_m2>>CC(O[O])CC_m2.[H][H]_m1,10,0,3,1
O[O]_m2.CC(O[O])CC_m2>>[O][O]_m3.CC(OO)CC_m1,2,3,1,10
C=O_m1.CC(O[O])CC_m2>>[CH]=O_m2.CC(OO)CC_m1,3,3,0,10
CC=O_m1.CC(O[O])CC_m2>>C[C]=O_m2.CC(OO)CC_m1,6,3,1,10
CC_m1.CC(O[O])CC_m2>>C[CH2]_m2.CC(OO)CC_m1,4,3,1,10
CCC=O_m1.CC(O[O])CC_m2>>CC[C]=O_m2.CC(OO)CC_m1,9,3,2,10
CC=C_m1.CC(O[O])CC_m2>>[CH2]C=C_m2.CC(OO)CC_m1,5,3,4,10
C=C_m1.CC(O[O])CC_m2>>C=[CH]_m2.CC(OO)CC_m1,3,3,1,10
CO_m1.CC(O[O])CC_m2>>[CH2]O_m2.CC(OO)CC_m1,4,3,0,10
C=CC=O_m1.CC(O[O])CC_m2>>C=C[C]=O_m2.CC(OO)CC_m1,7,3,2,10
C_m1.CC(O[O])CC_m2>>[CH3]_m2.CC(OO)CC_m1,4,3,0,10
OO_m1.CC(O[O])CC_m2>>O[O]_m2.CC(OO)CC_m1,3,3,1,10
CCC_m1.CC(O[O])CC_m2>>CC[CH2]_m2.CC(OO)CC_m1,5,3,2,10
CCC_m1.CC(O[O])CC_m2>>C[CH]C_m2.CC(OO)CC_m1,7,3,1,10
CC(C)C_m1.[CH3]_m2>>CC([CH2])C_m2.C_m1,10,0,2,4
CC(C)C_m1.[H]_m2>>CC([CH2])C_m2.[H][H]_m1,10,0,2,1
CC(C)C_m1.[OH]_m2>>CC([CH2])C_m2.O_m1,10,0,2,2
CC(C)C_m1.C[CH2]_m2>>CC([CH2])C_m2.CC_m1,10,1,2,4
CC(C)C_m1.O[O]_m2>>CC([CH2])C_m2.OO_m1,10,1,2,3
CC(C)C_m1.[O]_m3>>CC([CH2])C_m2.[OH]_m2,10,0,2,1
CC(C)C_m1.C[O]_m2>>CC([CH2])C_m2.CO_m1,10,1,2,5
CC(C)C_m1.[O][O]_m3>>CC([CH2])C_m2.O[O]_m2,10,1,2,2
CC(C)C_m1.CO[O]_m2>>CC([CH2])C_m2.COO_m1,10,2,2,6
CC(C)C_m1.CCO[O]_m2>>CC([CH2])C_m2.CCOO_m1,10,3,2,9
CC(C)C_m1.CC(=O)O[O]_m2>>CC([CH2])C_m2.CC(=O)OO_m1,10,4,2,8
CC(C)C_m1.CCCO[O]_m2>>CC([CH2])C_m2.CCCOO_m1,10,4,2,12
CC(C)C_m1.[O]OC(C)C_m2>>CC([CH2])C_m2.OOC(C)C_m1,10,0,2,5
CC(C)C_m1.[O]OCC(C)C_m2>>CC([CH2])C_m2.OOCC(C)C_m1,10,0,2,6
CC(C)C_m1.[O]OC(C)(C)C_m2>>CC([CH2])C_m2.OOC(C)(C)C_m1,10,0,2,6
CC(C)C_m1.[O]OC=O_m2>>CC([CH2])C_m2.OOC=O_m1,10,0,2,4
CC(C)C_m1.CC(O[O])CC_m2>>CC([CH2])C_m2.CC(OO)CC_m1,10,3,2,10
CC(C)C_m1.CC(O[O])CC_m2>>C[C](C)C_m2.CC(OO)CC_m1,7,3,1,10
CC(C)C_m1.CCCCO[O]_m2>>CC([CH2])C_m2.CCCCOO_m1,10,5,2,15
CC(C)C_m1.[H]_m2>>C[C](C)C_m2.[H][H]_m1,7,0,1,1
CC(C)C_m1.[CH3]_m2>>C[C](C)C_m2.C_m1,7,0,1,4
CC(C)C_m1.[OH]_m2>>C[C](C)C_m2.O_m1,7,0,1,2
CC(C)C_m1.C[CH2]_m2>>C[C](C)C_m2.CC_m1,7,1,1,4
CC(C)C_m1.O[O]_m2>>C[C](C)C_m2.OO_m1,7,1,1,3
CC(C)C_m1.[O]_m3>>C[C](C)C_m2.[OH]_m2,7,0,1,1
CC(C)C_m1.C[O]_m2>>C[C](C)C_m2.CO_m1,7,1,1,5
CC(C)C_m1.[O][O]_m3>>C[C](C)C_m2.O[O]_m2,7,1,1,2
CC(C)C_m1.[O]OC=O_m2>>C[C](C)C_m2.OOC=O_m1,7,0,1,4
CC(C)C_m1.CCCCO[O]_m2>>C[C](C)C_m2.CCCCOO_m1,7,5,1,15
CC(C)C_m1.CO[O]_m2>>C[C](C)C_m2.COO_m1,7,2,1,6
CC(C)C_m1.CCO[O]_m2>>C[C](C)C_m2.CCOO_m1,7,3,1,9
CC(C)C_m1.CC(=O)O[O]_m2>>C[C](C)C_m2.CC(=O)OO_m1,7,4,1,8
CC(C)C_m1.CCCO[O]_m2>>C[C](C)C_m2.CCCOO_m1,7,4,1,12
CC(C)C_m1.[O]OC(C)C_m2>>C[C](C)C_m2.OOC(C)C_m1,7,0,1,5
CC(C)C_m1.[O]OCC(C)C_m2>>C[C](C)C_m2.OOCC(C)C_m1,7,0,1,6
CC(C)C_m1.[O]OC(C)(C)C_m2>>C[C](C)C_m2.OOC(C)(C)C_m1,7,0,1,6
CC(C)C_m1.CC([CH2])C_m2>>C[C](C)C_m2.CC(C)C_m1,7,2,1,10
[O]CC(C)C_m2.[H]_m2>>O=CC(C)C_m1.[H][H]_m1,6,0,1,1
[O]CC(C)C_m2.[O][O]_m3>>O=CC(C)C_m1.O[O]_m2,6,1,1,2
[O]CC(C)C_m2.[O]_m3>>O=CC(C)C_m1.[OH]_m2,6,0,1,1
[O]CC(C)C_m2.[OH]_m2>>O=CC(C)C_m1.O_m1,6,0,1,2
[O]CC(C)C_m2.O[O]_m2>>O=CC(C)C_m1.OO_m1,6,1,1,3
[O]CC(C)C_m2.[CH3]_m2>>O=CC(C)C_m1.C_m1,6,0,1,4
O=CC(C)C_m1.O[O]_m2>>O=[C]C(C)C_m2.OO_m1,5,1,1,3
O=CC(C)C_m1.[CH3]_m2>>O=[C]C(C)C_m2.C_m1,5,0,1,4
O=CC(C)C_m1.[O]_m3>>O=[C]C(C)C_m2.[OH]_m2,5,0,1,1
O=CC(C)C_m1.[O][O]_m3>>O=[C]C(C)C_m2.O[O]_m2,5,1,1,2
O=CC(C)C_m1.[OH]_m2>>O=[C]C(C)C_m2.O_m1,5,0,1,2
O=CC(C)C_m1.[H]_m2>>O=[C]C(C)C_m2.[H][H]_m1,5,0,1,1
O=CC(C)C_m1.[OH]_m2>>O=CC([CH2])C_m2.O_m1,9,0,3,2
O=CC(C)C_m1.O[O]_m2>>O=CC([CH2])C_m2.OO_m1,9,1,3,3
O=CC(C)C_m1.CO[O]_m2>>O=CC([CH2])C_m2.COO_m1,9,2,3,6
O=CC(C)C_m1.[H]_m2>>O=C[C](C)C_m2.[H][H]_m1,6,0,2,1
O=CC(C)C_m1.O[O]_m2>>O=C[C](C)C_m2.OO_m1,6,1,2,3
O=CC(C)C_m1.[OH]_m2>>O=C[C](C)C_m2.O_m1,6,0,2,2
O[O]_m2.O=C[C](C)C_m2>>[O][O]_m3.O=CC(C)C_m1,2,2,1,6
O=C[C](C)C_m2.[CH3]_m2>>CC(=C)C=O_m1.C_m1,11,0,2,4
C=O_m1.O=C[C](C)C_m2>>[CH]=O_m2.O=CC(C)C_m1,3,2,0,6
CC(=C)C_m1.O=C[C](C)C_m2>>CC(=C)[CH2]_m2.O=CC(C)C_m1,6,2,3,6
CC(=C)C=O_m1.[H]_m2>>CC(=C)[C]=O_m2.[H][H]_m1,10,0,3,1
CC(=C)C=O_m1.[O][O]_m3>>CC(=C)[C]=O_m2.O[O]_m2,10,1,3,2
CC(=C)C=O_m1.[O]_m3>>CC(=C)[C]=O_m2.[OH]_m2,10,0,3,1
CC(=C)C=O_m1.[OH]_m2>>CC(=C)[C]=O_m2.O_m1,10,0,3,2
CC(=C)C=O_m1.O[O]_m2>>CC(=C)[C]=O_m2.OO_m1,10,1,3,3
CC(=C)C=O_m1.[CH3]_m2>>CC(=C)[C]=O_m2.C_m1,10,0,3,4
CC(=C)C=O_m1.[H]_m2>>[CH2]C(=C)C=O_m2.[H][H]_m1,7,0,4,1
CC(=C)C=O_m1.[O][O]_m3>>[CH2]C(=C)C=O_m2.O[O]_m2,7,1,4,2
CC(=C)C=O_m1.[OH]_m2>>[CH2]C(=C)C=O_m2.O_m1,7,0,4,2
CC(=C)C=O_m1.[O]_m3>>[CH2]C(=C)C=O_m2.[OH]_m2,7,0,4,1
CC(=C)C=O_m1.O[O]_m2>>[CH2]C(=C)C=O_m2.OO_m1,7,1,4,3
CC(=C)C=O_m1.[CH3]_m2>>[CH2]C(=C)C=O_m2.C_m1,7,0,4,4
OC=C(C)C_m1.[H]_m2>>CC(=C)[CH]O_m2.[H][H]_m1,12,0,2,1
OC=C(C)C_m1.[O]_m3>>CC(=C)[CH]O_m2.[OH]_m2,12,0,2,1
OC=C(C)C_m1.[OH]_m2>>CC(=C)[CH]O_m2.O_m1,12,0,2,2
OC=C(C)C_m1.O[O]_m2>>CC(=C)[CH]O_m2.OO_m1,12,1,2,3
OC=C(C)C_m1.[CH3]_m2>>CC(=C)[CH]O_m2.C_m1,12,0,2,4
OC=C(C)C_m1.C[O]_m2>>CC(=C)[CH]O_m2.CO_m1,12,1,2,5
OC=C(C)C_m1.CO[O]_m2>>CC(=C)[CH]O_m2.COO_m1,12,2,2,6
C[C](C)C_m2.[O][O]_m3>>CC(=C)C_m1.O[O]_m2,9,1,2,2
CC([CH2])C_m2.[O][O]_m3>>CC(=C)C_m1.O[O]_m2,9,1,1,2
O[O]_m2.[O]OCC(C)C_m2>>[O][O]_m3.OOCC(C)C_m1,2,0,1,6
OO_m1.[O]OCC(C)C_m2>>O[O]_m2.OOCC(C)C_m1,3,0,1,6
OOCC(C)C_m1.[H]_m2>>[O]OCC(C)C_m2.[H][H]_m1,6,0,0,1
C_m1.[O]OCC(C)C_m2>>[CH3]_m2.OOCC(C)C_m1,4,0,0,6
CO_m1.[O]OCC(C)C_m2>>[CH2]O_m2.OOCC(C)C_m1,4,0,0,6
C=O_m1.[O]OCC(C)C_m2>>[CH]=O_m2.OOCC(C)C_m1,3,0,0,6
CC_m1.[O]OCC(C)C_m2>>C[CH2]_m2.OOCC(C)C_m1,4,0,1,6
C=C_m1.[O]OCC(C)C_m2>>C=[CH]_m2.OOCC(C)C_m1,3,0,1,6
CCO_m1.[O]OCC(C)C_m2>>[CH2]CO_m2.OOCC(C)C_m1,5,0,0,6
CCO_m1.[O]OCC(C)C_m2>>C[CH]O_m2.OOCC(C)C_m1,7,0,1,6
CC=O_m1.[O]OCC(C)C_m2>>C[C]=O_m2.OOCC(C)C_m1,6,0,1,6
CCC_m1.[O]OCC(C)C_m2>>C[CH]C_m2.OOCC(C)C_m1,7,0,1,6
CCC_m1.[O]OCC(C)C_m2>>CC[CH2]_m2.OOCC(C)C_m1,5,0,2,6
C=CC=O_m1.[O]OCC(C)C_m2>>C=C[C]=O_m2.OOCC(C)C_m1,7,0,2,6
CCC=O_m1.[O]OCC(C)C_m2>>CC[C]=O_m2.OOCC(C)C_m1,9,0,2,6
CC=C_m1.[O]OCC(C)C_m2>>[CH2]C=C_m2.OOCC(C)C_m1,5,0,4,6
C_m1.[O]OC(C)(C)C_m2>>[CH3]_m2.OOC(C)(C)C_m1,4,0,0,6
CC_m1.[O]OC(C)(C)C_m2>>C[CH2]_m2.OOC(C)(C)C_m1,4,0,1,6
CCC_m1.[O]OC(C)(C)C_m2>>C[CH]C_m2.OOC(C)(C)C_m1,7,0,1,6
CCC_m1.[O]OC(C)(C)C_m2>>CC[CH2]_m2.OOC(C)(C)C_m1,5,0,2,6
CO_m1.[O]OC(C)(C)C_m2>>[CH2]O_m2.OOC(C)(C)C_m1,4,0,0,6
CCO_m1.[O]OC(C)(C)C_m2>>[CH2]CO_m2.OOC(C)(C)C_m1,5,0,0,6
CCO_m1.[O]OC(C)(C)C_m2>>C[CH]O_m2.OOC(C)(C)C_m1,7,0,1,6
CC=O_m1.[O]OC(C)(C)C_m2>>C[C]=O_m2.OOC(C)(C)C_m1,6,0,1,6
C=CC=O_m1.[O]OC(C)(C)C_m2>>C=C[C]=O_m2.OOC(C)(C)C_m1,7,0,2,6
CCC=O_m1.[O]OC(C)(C)C_m2>>CC[C]=O_m2.OOC(C)(C)C_m1,9,0,2,6
O[O]_m2.[O]OC(C)(C)C_m2>>[O][O]_m3.OOC(C)(C)C_m1,2,0,1,6
OO_m1.[O]OC(C)(C)C_m2>>O[O]_m2.OOC(C)(C)C_m1,3,0,1,6
C=O_m1.[O]OC(C)(C)C_m2>>[CH]=O_m2.OOC(C)(C)C_m1,3,0,0,6
C=C_m1.[O]OC(C)(C)C_m2>>C=[CH]_m2.OOC(C)(C)C_m1,3,0,1,6
OOC(C)(C)C_m1.[H]_m2>>[O]OC(C)(C)C_m2.[H][H]_m1,6,0,0,1
CC=C_m1.[O]OC(C)(C)C_m2>>[CH2]C=C_m2.OOC(C)(C)C_m1,5,0,4,6
CC(=C)C_m1.[OH]_m2>>CC(=C)[CH2]_m2.O_m1,6,0,3,2
CC(=C)C_m1.[OH]_m2>>CC(=[CH])C_m2.O_m1,8,0,2,2
CC(=C)C_m1.[O][O]_m3>>CC(=C)[CH2]_m2.O[O]_m2,6,1,3,2
CC(=C)C_m1.[O][O]_m3>>CC(=[CH])C_m2.O[O]_m2,8,1,2,2
CC(=C)C_m1.[H]_m2>>CC(=C)[CH2]_m2.[H][H]_m1,6,0,3,1
CC(=C)C_m1.[H]_m2>>CC(=[CH])C_m2.[H][H]_m1,8,0,2,1
CC(=C)C_m1.[O]_m3>>CC(=C)[CH2]_m2.[OH]_m2,6,0,3,1
CC(=C)C_m1.[O]_m3>>CC(=[CH])C_m2.[OH]_m2,8,0,2,1
CC(=C)C_m1.O[O]_m2>>CC(=C)[CH2]_m2.OO_m1,6,1,3,3
CC(=C)C_m1.O[O]_m2>>CC(=[CH])C_m2.OO_m1,8,1,2,3
CC(=C)C_m1.[CH3]_m2>>CC(=C)[CH2]_m2.C_m1,6,0,3,4
CC(=C)C_m1.[CH3]_m2>>CC(=[CH])C_m2.C_m1,8,0,2,4
CC(=C)C_m1.C[O]_m2>>CC(=C)[CH2]_m2.CO_m1,6,1,3,5
CC(=C)C_m1.[CH2]C=C_m2>>CC(=C)[CH2]_m2.CC=C_m1,6,4,3,5
CC(=C)C_m1.CC=[CH]_m2>>CC(=C)[CH2]_m2.CC=C_m1,6,2,3,8
CC(=C)C_m1.C[C]=C_m2>>CC(=C)[CH2]_m2.CC=C_m1,6,1,3,6
CC(=C)C_m1.CO[O]_m2>>CC(=C)[CH2]_m2.COO_m1,6,2,3,6
CC(=C)C_m1.CC(=O)O[O]_m2>>CC(=C)[CH2]_m2.CC(=O)OO_m1,6,4,3,8
CC(=C)C_m1.[O]OC=O_m2>>CC(=C)[CH2]_m2.OOC=O_m1,6,0,3,4
CC(=C)C_m1.[O]OCC(C)C_m2>>CC(=C)[CH2]_m2.OOCC(C)C_m1,6,0,3,6
CC(=C)C_m1.[O]OC(C)(C)C_m2>>CC(=C)[CH2]_m2.OOC(C)(C)C_m1,6,0,3,6
CC(=C)C_m1.CCCCO[O]_m2>>CC(=C)[CH2]_m2.CCCCOO_m1,6,5,3,15
CC(=C)C_m1.CC(O[O])CC_m2>>CC(=C)[CH2]_m2.CC(OO)CC_m1,6,3,3,10
CC(=C)C_m1.[O]OC(C)C_m2>>CC(=C)[CH2]_m2.OOC(C)C_m1,6,0,3,5
CC(=C)C_m1.CCCO[O]_m2>>CC(=C)[CH2]_m2.CCCOO_m1,6,4,3,12
CC(=C)C_m1.CC(=C)C[O]_m2>>CC(=C)[CH2]_m2.CC(=C)CO_m1,6,4,3,12
CC(=C)C_m1.OC[C]=C_m2>>CC(=C)[CH2]_m2.OCC=C_m1,6,2,3,7
C=O_m1.C[C]=C_m2>>[CH]=O_m2.CC=C_m1,3,1,0,6
CC(=C)CCC(=C)C_m1.[H]_m2>>CC(=C)CCC(=C)[CH2]_m2.[H][H]_m1,21,0,7,1
CC(=C)CCC(=C)C_m1.[O][O]_m3>>CC(=C)CCC(=C)[CH2]_m2.O[O]_m2,21,1,7,2
CC(=C)CCC(=C)C_m1.[O]_m3>>CC(=C)CCC(=C)[CH2]_m2.[OH]_m2,21,0,7,1
CC(=C)CCC(=C)C_m1.[OH]_m2>>CC(=C)CCC(=C)[CH2]_m2.O_m1,21,0,7,2
CC(=C)CCC(=C)C_m1.O[O]_m2>>CC(=C)CCC(=C)[CH2]_m2.OO_m1,21,1,7,3
CC(=C)CCC(=C)C_m1.[CH3]_m2>>CC(=C)CCC(=C)[CH2]_m2.C_m1,21,0,7,4
[CH]=O_m2.CC(=[CH])C_m2>>[C]=O_m3.CC(=C)C_m1,1,2,0,8
CC(=C)C_m1.CC(=C)CO[O]_m2>>CC(=C)[CH2]_m2.CC(=C)COO_m1,6,5,3,13
OC[C](C)C_m2.[O][O]_m3>>CC(=C)CO_m1.O[O]_m2,13,1,2,2
OC[C](C)C_m2.[O][O]_m3>>CC(=C)CO_m1.O[O]_m2,13,1,2,2
OC[C](C)C_m2.[O][O]_m3>>OC=C(C)C_m1.O[O]_m2,7,1,1,2
OC[C](C)C_m2.[O][O]_m3>>OC=C(C)C_m1.O[O]_m2,7,1,1,2
OOC(C=O)(C)C_m1.[OH]_m2>>OOC([C]=O)(C)C_m2.O_m1,8,0,3,2
OOC(C=O)(C)C_m1.O[O]_m2>>OOC([C]=O)(C)C_m2.OO_m1,8,1,3,3
CC(=C)CO_m1.[O][O]_m3>>CC(=C)[CH]O_m2.O[O]_m2,11,1,3,2
CC(=C)CO_m1.[OH]_m2>>CC(=C)[CH]O_m2.O_m1,11,0,3,2
CC(=C)CO_m1.O[O]_m2>>CC(=C)[CH]O_m2.OO_m1,11,1,3,3
CC(=C)CO_m1.[H]_m2>>CC(=C)[CH]O_m2.[H][H]_m1,11,0,3,1
C=O_m1.CC(=C)[CH]O_m2>>[CH]=O_m2.CC(=C)CO_m1,3,3,0,11
CC(=C)C_m1.CC(=C)[CH]O_m2>>CC(=C)[CH2]_m2.CC(=C)CO_m1,6,3,3,11
CC(=C)CO_m1.[H]_m2>>CC(=C)C[O]_m2.[H][H]_m1,12,0,4,1
CC(=C)CO_m1.[CH]=O_m2>>CC(=C)C[O]_m2.C=O_m1,12,0,4,3
CC(=C)C[O]_m2.[O][O]_m3>>CC(=C)C=O_m1.O[O]_m2,11,1,3,2
CC(=C)C[O]_m2.O[O]_m2>>CC(=C)C=O_m1.OO_m1,11,1,3,3
CC(=C)C[O]_m2.[CH3]_m2>>CC(=C)C=O_m1.C_m1,11,0,3,4
CC(=C)C[O]_m2.[O]_m3>>CC(=C)C=O_m1.[OH]_m2,11,0,3,1
CC(=C)C[O]_m2.[OH]_m2>>CC(=C)C=O_m1.O_m1,11,0,3,2
CC(=C)C[O]_m2.[H]_m2>>CC(=C)C=O_m1.[H][H]_m1,11,0,3,1
C[C](O)C_m2.[O][O]_m3>>CC(=O)C_m1.O[O]_m2,7,1,2,2
CCC=C_m1.[OH]_m2>>C[CH]C=C_m2.O_m1,8,0,1,2
CCC=C_m1.[OH]_m2>>[CH2]CC=C_m2.O_m1,6,0,0,2
CCC=C_m1.[OH]_m2>>CC[C]=C_m2.O_m1,9,0,2,2
CCC=C_m1.[OH]_m2>>CCC=[CH]_m2.O_m1,11,0,3,2
CC=CC_m1.[OH]_m2>>C[CH]C=C_m2.O_m1,11,0,4,2
CC=CC_m1.[OH]_m2>>C[C]=CC_m2.O_m1,8,0,1,2
CCC=C_m1.O[O]_m2>>C[CH]C=C_m2.OO_m1,8,1,1,3
CC=CC_m1.O[O]_m2>>C[CH]C=C_m2.OO_m1,11,1,4,3
CCC=C_m1.O[O]_m2>>[CH2]CC=C_m2.OO_m1,6,1,0,3
CCC=C_m1.O[O]_m2>>CCC=[CH]_m2.OO_m1,11,1,3,3
CCC=C_m1.O[O]_m2>>CC[C]=C_m2.OO_m1,9,1,2,3
CC=CC_m1.O[O]_m2>>C[C]=CC_m2.OO_m1,8,1,1,3
CCC=C_m1.[H]_m2>>[CH2]CC=C_m2.[H][H]_m1,6,0,0,1
CCC=C_m1.[H]_m2>>C[CH]C=C_m2.[H][H]_m1,8,0,1,1
CCC=C_m1.[H]_m2>>CC[C]=C_m2.[H][H]_m1,9,0,2,1
CCC=C_m1.[H]_m2>>CCC=[CH]_m2.[H][H]_m1,11,0,3,1
CCC=C_m1.[H]_m2>>CCC=[CH]_m2.[H][H]_m1,11,0,3,1
CC=CC_m1.[H]_m2>>C[CH]C=C_m2.[H][H]_m1,11,0,4,1
CC=CC_m1.[H]_m2>>C[C]=CC_m2.[H][H]_m1,8,0,1,1
CCC=C_m1.[O]_m3>>C[CH]C=C_m2.[OH]_m2,8,0,1,1
CC=CC_m1.[O]_m3>>C[CH]C=C_m2.[OH]_m2,11,0,4,1
CCC=C_m1.[O]_m3>>CCC=[CH]_m2.[OH]_m2,11,0,3,1
CCC=C_m1.[O]_m3>>CC[C]=C_m2.[OH]_m2,9,0,2,1
CC=CC_m1.[O]_m3>>C[C]=CC_m2.[OH]_m2,8,0,1,1
CCC=C_m1.[O]_m3>>[CH2]CC=C_m2.[OH]_m2,6,0,0,1
CCC=C_m1.[O][O]_m3>>C[CH]C=C_m2.O[O]_m2,8,1,1,2
CC=CC_m1.[O][O]_m3>>C[CH]C=C_m2.O[O]_m2,11,1,4,2
CCC=C_m1.[O][O]_m3>>CCC=[CH]_m2.O[O]_m2,11,1,3,2
CCC=C_m1.[O][O]_m3>>CC[C]=C_m2.O[O]_m2,9,1,2,2
CC=CC_m1.[O][O]_m3>>C[C]=CC_m2.O[O]_m2,8,1,1,2
CCC=C_m1.[O][O]_m3>>[CH2]CC=C_m2.O[O]_m2,6,1,0,2
CCC=C_m1.[CH3]_m2>>C[CH]C=C_m2.C_m1,8,0,1,4
CCC=C_m1.[CH3]_m2>>[CH2]CC=C_m2.C_m1,6,0,0,4
CC=CC_m1.[CH3]_m2>>C[CH]C=C_m2.C_m1,11,0,4,4
CCC=C_m1.[CH3]_m2>>CCC=[CH]_m2.C_m1,11,0,3,4
CCC=C_m1.[CH3]_m2>>CC[C]=C_m2.C_m1,9,0,2,4
CC=CC_m1.[CH3]_m2>>C[C]=CC_m2.C_m1,8,0,1,4
CCC=C_m1.CO[O]_m2>>C[CH]C=C_m2.COO_m1,8,2,1,6
CCC=C_m1.CO[O]_m2>>[CH2]CC=C_m2.COO_m1,6,2,0,6
CCC=C_m1.C[O]_m2>>C[CH]C=C_m2.CO_m1,8,1,1,5
CCC=C_m1.C[O]_m2>>[CH2]CC=C_m2.CO_m1,6,1,0,5
CC=CC_m1.C[O]_m2>>C[CH]C=C_m2.CO_m1,11,1,4,5
CCC=C_m1.CC(=O)O[O]_m2>>C[CH]C=C_m2.CC(=O)OO_m1,8,4,1,8
CCC=C_m1.[CH2]C=C_m2>>C[CH]C=C_m2.CC=C_m1,8,4,1,5
CCC=C_m1.CCO[O]_m2>>C[CH]C=C_m2.CCOO_m1,8,3,1,9
CCC=C_m1.CCCO[O]_m2>>C[CH]C=C_m2.CCCOO_m1,8,4,1,12
CCC=C_m1.[O]OC(C)C_m2>>C[CH]C=C_m2.OOC(C)C_m1,8,0,1,5
CCC=C_m1.CCCCO[O]_m2>>C[CH]C=C_m2.CCCCOO_m1,8,5,1,15
CCC=C_m1.CC(O[O])CC_m2>>C[CH]C=C_m2.CC(OO)CC_m1,8,3,1,10
CC=CC_m1.CCCO[O]_m2>>C[CH]C=C_m2.CCCOO_m1,11,4,4,12
CC=CC_m1.[O]OC(C)C_m2>>C[CH]C=C_m2.OOC(C)C_m1,11,0,4,5
CC=CC_m1.CCCCO[O]_m2>>C[CH]C=C_m2.CCCCOO_m1,11,5,4,15
CC=CC_m1.CC(O[O])CC_m2>>C[CH]C=C_m2.CC(OO)CC_m1,11,3,4,10
C[CH2]_m2.C[CH]C=C_m2>>C=C_m1.CCC=C_m1,6,1,1,8
C[O]_m2.C[CH]C=C_m2>>C=O_m1.CCC=C_m1,4,1,0,8
CCC=C_m1.[O]OCC(C)C_m2>>C[CH]C=C_m2.OOCC(C)C_m1,8,0,1,6
CCC=C_m1.[O]OC(C)(C)C_m2>>C[CH]C=C_m2.OOC(C)(C)C_m1,8,0,1,6
CC=CC_m1.[O]OCC(C)C_m2>>C[CH]C=C_m2.OOCC(C)C_m1,11,0,4,6
CC=CC_m1.[O]OC(C)(C)C_m2>>C[CH]C=C_m2.OOC(C)(C)C_m1,11,0,4,6
CC=O_m1.C=[CH]_m2>>C[C]=O_m2.C=C_m1,6,1,1,3
C=O_m1.CC=[CH]_m2>>[CH]=O_m2.CC=C_m1,3,2,0,8
C[CH]C=C_m2.[O][O]_m3>>C=CC=C_m1.O[O]_m2,7,1,3,2
C[CH]C=C_m2.[H]_m2>>C=CC=C_m1.[H][H]_m1,7,0,3,1
C[CH]C=C_m2.C[CH2]_m2>>C=CC=C_m1.CC_m1,7,1,3,4
C[CH]C=C_m2.C=[CH]_m2>>C=CC=C_m1.C=C_m1,7,1,3,3
C[CH]C=C_m2.[CH2]C=C_m2>>C=CC=C_m1.CC=C_m1,7,4,3,5
C=CC(C(C=C)C)C_m1.[OH]_m2>>C=C[C](C(C=C)C)C_m2.O_m1,11,0,2,2
CC=CCC(C=C)C_m1.[OH]_m2>>CC=CC[C](C=C)C_m2.O_m1,15,0,4,2
CC=CCC(C=C)C_m1.[OH]_m2>>CC=C[CH]C(C=C)C_m2.O_m1,14,0,3,2
CC=CCC(C=C)C_m1.[OH]_m2>>[CH2]C=CCC(C=C)C_m2.O_m1,10,0,0,2
C=CC(C(C=C)C)C_m1.O[O]_m2>>C=C[C](C(C=C)C)C_m2.OO_m1,11,1,2,3
CC=CCC(C=C)C_m1.O[O]_m2>>CC=CC[C](C=C)C_m2.OO_m1,15,1,4,3
CC=CCC(C=C)C_m1.O[O]_m2>>CC=C[CH]C(C=C)C_m2.OO_m1,14,1,3,3
CC=CCC(C=C)C_m1.O[O]_m2>>[CH2]C=CCC(C=C)C_m2.OO_m1,10,1,0,3
C=CC(C(C=C)C)C_m1.[H]_m2>>C=C[C](C(C=C)C)C_m2.[H][H]_m1,11,0,2,1
CC=CCC(C=C)C_m1.[H]_m2>>CC=CC[C](C=C)C_m2.[H][H]_m1,15,0,4,1
CC=CCC(C=C)C_m1.[H]_m2>>CC=C[CH]C(C=C)C_m2.[H][H]_m1,14,0,3,1
CC=CCC(C=C)C_m1.[H]_m2>>[CH2]C=CCC(C=C)C_m2.[H][H]_m1,10,0,0,1
C=CC(C(C=C)C)C_m1.[O]_m3>>C=C[C](C(C=C)C)C_m2.[OH]_m2,11,0,2,1
CC=CCC(C=C)C_m1.[O]_m3>>CC=CC[C](C=C)C_m2.[OH]_m2,15,0,4,1
CC=CCC(C=C)C_m1.[O]_m3>>CC=C[CH]C(C=C)C_m2.[OH]_m2,14,0,3,1
CC=CCC(C=C)C_m1.[O]_m3>>[CH2]C=CCC(C=C)C_m2.[OH]_m2,10,0,0,1
C=CC(C(C=C)C)C_m1.[CH3]_m2>>C=C[C](C(C=C)C)C_m2.C_m1,11,0,2,4
CC=CCC(C=C)C_m1.[CH3]_m2>>CC=CC[C](C=C)C_m2.C_m1,15,0,4,4
CC=CCC(C=C)C_m1.[CH3]_m2>>CC=C[CH]C(C=C)C_m2.C_m1,14,0,3,4
CC=CCC(C=C)C_m1.[CH3]_m2>>[CH2]C=CCC(C=C)C_m2.C_m1,10,0,0,4
C=CC(C(C=C)C)C_m1.[O][O]_m3>>C=C[C](C(C=C)C)C_m2.O[O]_m2,11,1,2,2
CC=CCC(C=C)C_m1.[O][O]_m3>>CC=CC[C](C=C)C_m2.O[O]_m2,15,1,4,2
CC=CCC(C=C)C_m1.[O][O]_m3>>CC=C[CH]C(C=C)C_m2.O[O]_m2,14,1,3,2
CC=CCC(C=C)C_m1.[O][O]_m3>>[CH2]C=CCC(C=C)C_m2.O[O]_m2,10,1,0,2
[CH2]CC=C_m2.[O][O]_m3>>C=CC=C_m1.O[O]_m2,7,1,2,2
OOCCC=C_m1.[H]_m2>>[O]OCCC=C_m2.[H][H]_m1,6,0,0,1
O[O]_m2.[O]OCCC=C_m2>>[O][O]_m3.OOCCC=C_m1,2,0,1,6
OO_m1.[O]OCCC=C_m2>>O[O]_m2.OOCCC=C_m1,3,0,1,6
C_m1.[O]OCCC=C_m2>>[CH3]_m2.OOCCC=C_m1,4,0,0,6
CO_m1.[O]OCCC=C_m2>>[CH2]O_m2.OOCCC=C_m1,4,0,0,6
C=O_m1.[O]OCCC=C_m2>>[CH]=O_m2.OOCCC=C_m1,3,0,0,6
CC_m1.[O]OCCC=C_m2>>C[CH2]_m2.OOCCC=C_m1,4,0,1,6
CC=O_m1.[O]OCCC=C_m2>>C[C]=O_m2.OOCCC=C_m1,6,0,1,6
C=C_m1.[O]OCCC=C_m2>>C=[CH]_m2.OOCCC=C_m1,3,0,1,6
CC=C_m1.[O]OCCC=C_m2>>[CH2]C=C_m2.OOCCC=C_m1,5,0,4,6
CCC=O_m1.[O]OCCC=C_m2>>CC[C]=O_m2.OOCCC=C_m1,9,0,2,6
C=CC=O_m1.[O]OCCC=C_m2>>C=C[C]=O_m2.OOCCC=C_m1,7,0,2,6
CCC_m1.[O]OCCC=C_m2>>CC[CH2]_m2.OOCCC=C_m1,5,0,2,6
CCC_m1.[O]OCCC=C_m2>>C[CH]C_m2.OOCCC=C_m1,7,0,1,6
OCCC=C_m1.[OH]_m2>>[CH2]C=CCO_m2.O_m1,9,0,4,2
OCCC=C_m1.O[O]_m2>>[CH2]C=CCO_m2.OO_m1,9,1,4,3
CC=CCO_m1.[OH]_m2>>[CH2]C=CCO_m2.O_m1,7,0,0,2
CC=CCO_m1.[OH]_m2>>C[CH]C=CO_m2.O_m1,11,0,4,2
CC=CCO_m1.O[O]_m2>>[CH2]C=CCO_m2.OO_m1,7,1,0,3
CC=CCO_m1.O[O]_m2>>C[CH]C=CO_m2.OO_m1,11,1,4,3
CCC=CO_m1.[OH]_m2>>C[CH]C=CO_m2.O_m1,9,0,1,2
CCC=CO_m1.O[O]_m2>>C[CH]C=CO_m2.OO_m1,9,1,1,3
CCC(=O)CO_m1.[OH]_m2>>C[CH]C(=O)CO_m2.O_m1,10,0,1,2
CCC(=O)CO_m1.O[O]_m2>>C[CH]C(=O)CO_m2.OO_m1,10,1,1,3
CCC(=O)CO_m1.[O]_m3>>C[CH]C(=O)CO_m2.[OH]_m2,10,0,1,1
CCC(=O)CO_m1.[H]_m2>>C[CH]C(=O)CO_m2.[H][H]_m1,10,0,1,1
CCC(=O)CO_m1.[O][O]_m3>>C[CH]C(=O)CO_m2.O[O]_m2,10,1,1,2
CCC(=O)CO_m1.[CH3]_m2>>C[CH]C(=O)CO_m2.C_m1,10,0,1,4
CCC(=O)CO_m1.C[O]_m2>>C[CH]C(=O)CO_m2.CO_m1,10,1,1,5
CCC(=O)CO_m1.CO[O]_m2>>C[CH]C(=O)CO_m2.COO_m1,10,2,1,6
CCC(=O)CO_m1.C=[CH]_m2>>C[CH]C(=O)CO_m2.C=C_m1,10,1,1,3
CCC(=O)CO_m1.C[CH2]_m2>>C[CH]C(=O)CO_m2.CC_m1,10,1,1,4
OCC=O_m1.[O][O]_m3>>OC[C]=O_m2.O[O]_m2,7,1,2,2
OCC=O_m1.[O]_m3>>OC[C]=O_m2.[OH]_m2,7,0,2,1
OCC=O_m1.[H]_m2>>OC[C]=O_m2.[H][H]_m1,7,0,2,1
OCC=O_m1.[OH]_m2>>OC[C]=O_m2.O_m1,7,0,2,2
OCC=O_m1.O[O]_m2>>OC[C]=O_m2.OO_m1,7,1,2,3
OCC=O_m1.[CH3]_m2>>OC[C]=O_m2.C_m1,7,0,2,4
OCC=O_m1.CO[O]_m2>>OC[C]=O_m2.COO_m1,7,2,2,6
OCC=O_m1.CC(=O)O[O]_m2>>OC[C]=O_m2.CC(=O)OO_m1,7,4,2,8
CCC(C=O)O_m1.[H]_m2>>CCC([C]=O)O_m2.[H][H]_m1,12,0,3,1
CCC(C=O)O_m1.[OH]_m2>>CCC([C]=O)O_m2.O_m1,12,0,3,2
CCC(C=O)O_m1.[O]_m3>>CCC([C]=O)O_m2.[OH]_m2,12,0,3,1
CCC(C=O)O_m1.O[O]_m2>>CCC([C]=O)O_m2.OO_m1,12,1,3,3
CCC(C=O)O_m1.[CH3]_m2>>CCC([C]=O)O_m2.C_m1,12,0,3,4
CCC(C=O)O_m1.C[CH2]_m2>>CCC([C]=O)O_m2.CC_m1,12,1,3,4
CCC(C=O)O_m1.C[O]_m2>>CCC([C]=O)O_m2.CO_m1,12,1,3,5
CCC(C=O)O_m1.CO[O]_m2>>CCC([C]=O)O_m2.COO_m1,12,2,3,6
CCC(C=O)O_m1.[O][O]_m3>>CCC([C]=O)O_m2.O[O]_m2,12,1,3,2
CCC(C=O)O_m1.C=[CH]_m2>>CCC([C]=O)O_m2.C=C_m1,12,1,3,3
CCC(C=O)O_m1.CC[O]_m2>>CCC([C]=O)O_m2.CCO_m1,12,2,3,8
O[CH]C=O_m2.[O]_m3>>O=CC=O_m1.[OH]_m2,5,0,3,1
O[CH]C=O_m2.[OH]_m2>>O=CC=O_m1.O_m1,5,0,3,2
O[CH]C=O_m2.[H]_m2>>O=CC=O_m1.[H][H]_m1,5,0,3,1
O[CH]C=O_m2.O[O]_m2>>O=CC=O_m1.OO_m1,5,1,3,3
O[CH]C=O_m2.[CH3]_m2>>O=CC=O_m1.C_m1,5,0,3,4
O[CH]C=O_m2.CO[O]_m2>>O=CC=O_m1.COO_m1,5,2,3,6
O[CH]C=C_m2.[O][O]_m3>>C=CC=O_m1.O[O]_m2,5,1,3,2
CC=[C]O_m2.[O][O]_m3>>CC=C=O_m1.O[O]_m2,8,1,3,2
CC(=O)[CH]O_m2.[O][O]_m3>>O=CC(=O)C_m1.O[O]_m2,9,1,0,2
CC(C=C)O_m1.[OH]_m2>>C[C](C=C)O_m2.O_m1,8,0,1,2
CC(C=C)O_m1.O[O]_m2>>C[C](C=C)O_m2.OO_m1,8,1,1,3
CC=C(O)C_m1.[OH]_m2>>C[C](C=C)O_m2.O_m1,7,0,3,2
CC=C(O)C_m1.O[O]_m2>>C[C](C=C)O_m2.OO_m1,7,1,3,3
CC(=O)C(O)C_m1.[OH]_m2>>CC(=O)[C](O)C_m2.O_m1,9,0,3,2
CC(=O)C(O)C_m1.O[O]_m2>>CC(=O)[C](O)C_m2.OO_m1,9,1,3,3
CC(=O)C(O)C_m1.[O]_m3>>CC(=O)[C](O)C_m2.[OH]_m2,9,0,3,1
CC(=O)C(O)C_m1.[H]_m2>>CC(=O)[C](O)C_m2.[H][H]_m1,9,0,3,1
CC(=O)C(O)C_m1.[O][O]_m3>>CC(=O)[C](O)C_m2.O[O]_m2,9,1,3,2
CC(=O)C(O)C_m1.[CH3]_m2>>CC(=O)[C](O)C_m2.C_m1,9,0,3,4
CC(=O)C(O)C_m1.C[O]_m2>>CC(=O)[C](O)C_m2.CO_m1,9,1,3,5
CC(=O)C(O)C_m1.CO[O]_m2>>CC(=O)[C](O)C_m2.COO_m1,9,2,3,6
CC(=O)C(O)C_m1.C=[CH]_m2>>CC(=O)[C](O)C_m2.C=C_m1,9,1,3,3
CC(=O)C(O)C_m1.C[CH2]_m2>>CC(=O)[C](O)C_m2.CC_m1,9,1,3,4
OC(=C)C=O_m1.[H]_m2>>OC(=C)[C]=O_m2.[H][H]_m1,8,0,3,1
OC(=C)C=O_m1.[O]_m3>>OC(=C)[C]=O_m2.[OH]_m2,8,0,3,1
OC(=C)C=O_m1.[OH]_m2>>OC(=C)[C]=O_m2.O_m1,8,0,3,2
OC(=C)C=O_m1.[O][O]_m3>>OC(=C)[C]=O_m2.O[O]_m2,8,1,3,2
OC(=C)C=O_m1.O[O]_m2>>OC(=C)[C]=O_m2.OO_m1,8,1,3,3
OC(=C)C=O_m1.[CH3]_m2>>OC(=C)[C]=O_m2.C_m1,8,0,3,4
OC(=C)C=O_m1.C=[CH]_m2>>OC(=C)[C]=O_m2.C=C_m1,8,1,3,3
OC(=C)C=O_m1.C[O]_m2>>OC(=C)[C]=O_m2.CO_m1,8,1,3,5
OC(=C)C=O_m1.CO[O]_m2>>OC(=C)[C]=O_m2.COO_m1,8,2,3,6
O[C]=C_m2.[O][O]_m3>>C=C=O_m1.O[O]_m2,3,1,2,2
O[C]=C_m2.[O][O]_m3>>OC#C_m1.O[O]_m2,5,1,2,2
C=CC=C_m1.[H]_m2>>C=CC=[CH]_m2.[H][H]_m1,9,0,3,1
O[O]_m2.C=CC=[CH]_m2>>[O][O]_m3.C=CC=C_m1,2,3,1,9
C=CC=C_m1.[O]_m3>>C=CC=[CH]_m2.[OH]_m2,9,0,3,1
C=CC=C_m1.[OH]_m2>>C=CC=[CH]_m2.O_m1,9,0,3,2
OO_m1.C=CC=[CH]_m2>>O[O]_m2.C=CC=C_m1,3,3,1,9
C=CC=C_m1.[CH3]_m2>>C=CC=[CH]_m2.C_m1,9,0,3,4
C=CC=C_m1.C=[CH]_m2>>C=CC=[CH]_m2.C=C_m1,9,1,3,3
C=CC=C_m1.[CH2]C#C_m2>>C=CC=[CH]_m2.C=C=C_m1,9,4,3,6
C=CC=C_m1.[CH2]C=C_m2>>C=CC=[CH]_m2.CC=C_m1,9,4,3,5
C=CC=C_m1.[H]_m2>>C=[C]C=C_m2.[H][H]_m1,7,0,1,1
O[O]_m2.C=[C]C=C_m2>>[O][O]_m3.C=CC=C_m1,2,1,1,7
C=CC=C_m1.[O]_m3>>C=[C]C=C_m2.[OH]_m2,7,0,1,1
C=CC=C_m1.[OH]_m2>>C=[C]C=C_m2.O_m1,7,0,1,2
OO_m1.C=[C]C=C_m2>>O[O]_m2.C=CC=C_m1,3,1,1,7
C=CC=C_m1.[CH3]_m2>>C=[C]C=C_m2.C_m1,7,0,1,4
C=CC=C_m1.C=[CH]_m2>>C=[C]C=C_m2.C=C_m1,7,1,1,3
C=CC=C_m1.[CH2]C#C_m2>>C=[C]C=C_m2.C=C=C_m1,7,4,1,6
C=CC=C_m1.[CH2]C=C_m2>>C=[C]C=C_m2.CC=C_m1,7,4,1,5
C=CC=[CH]_m2.[H]_m2>>C=CC#C_m1.[H][H]_m1,8,0,2,1
C=CC=[CH]_m2.[OH]_m2>>C=CC#C_m1.O_m1,8,0,2,2
[CH]=O_m2.C=CC=[CH]_m2>>[C]=O_m3.C=CC=C_m1,1,3,0,9
C=[C]C=C_m2.[H]_m2>>C=CC#C_m1.[H][H]_m1,5,0,3,1
C=[C]C=C_m2.[OH]_m2>>C=CC#C_m1.O_m1,5,0,3,2
[CH]=O_m2.C=[C]C=C_m2>>[C]=O_m3.C=CC=C_m1,1,1,0,7
CC=C=C_m1.[H]_m2>>C=[C]C=C_m2.[H][H]_m1,6,0,3,1
CC=C=C_m1.[CH3]_m2>>C=[C]C=C_m2.C_m1,6,0,3,4
CC=C=C_m1.[O]_m3>>C=[C]C=C_m2.[OH]_m2,6,0,3,1
CC=C=C_m1.[OH]_m2>>C=[C]C=C_m2.O_m1,6,0,3,2
CC#CC_m1.[H]_m2>>CC#C[CH2]_m2.[H][H]_m1,6,0,3,1
CC#CC_m1.[CH3]_m2>>CC#C[CH2]_m2.C_m1,6,0,3,4
C=CC#C_m1.[H]_m2>>[CH]=CC#C_m2.[H][H]_m1,5,0,0,1
C=CC#C_m1.[OH]_m2>>[CH]=CC#C_m2.O_m1,5,0,0,2
C=CC#C_m1.[H]_m2>>C=[C]C#C_m2.[H][H]_m1,6,0,1,1
C=CC#C_m1.[OH]_m2>>C=[C]C#C_m2.O_m1,6,0,1,2
C=CC#C_m1.[CH3]_m2>>C=[C]C#C_m2.C_m1,6,0,1,4
C=CC#C_m1.[CH3]_m2>>[CH]=CC#C_m2.C_m1,5,0,0,4
[CH]=CC#C_m2.[H]_m2>>C#CC#C_m1.[H][H]_m1,5,0,2,1
[CH]=CC#C_m2.[OH]_m2>>C#CC#C_m1.O_m1,5,0,2,2
C=[C]C#C_m2.[H]_m2>>C#CC#C_m1.[H][H]_m1,5,0,3,1
C=[C]C#C_m2.[OH]_m2>>C#CC#C_m1.O_m1,5,0,3,2
CCCC=O_m1.[O][O]_m3>>CCC[C]=O_m2.O[O]_m2,12,1,3,2
CCCC=O_m1.[O]_m3>>CCC[C]=O_m2.[OH]_m2,12,0,3,1
CCCC=O_m1.[H]_m2>>CCC[C]=O_m2.[H][H]_m1,12,0,3,1
CCCC=O_m1.[OH]_m2>>CCC[C]=O_m2.O_m1,12,0,3,2
CCCC=O_m1.O[O]_m2>>CCC[C]=O_m2.OO_m1,12,1,3,3
CCCC=O_m1.[CH3]_m2>>CCC[C]=O_m2.C_m1,12,0,3,4
CCCC=O_m1.CO[O]_m2>>CCC[C]=O_m2.COO_m1,12,2,3,6
CCCC=O_m1.[OH]_m2>>CC[CH]C=O_m2.O_m1,11,0,2,2
CCCC=O_m1.O[O]_m2>>CC[CH]C=O_m2.OO_m1,11,1,2,3
CCCC=O_m1.CO[O]_m2>>CC[CH]C=O_m2.COO_m1,11,2,2,6
CCCC=O_m1.[OH]_m2>>C[CH]CC=O_m2.O_m1,9,0,1,2
CCCC=O_m1.O[O]_m2>>C[CH]CC=O_m2.OO_m1,9,1,1,3
CCCC=O_m1.CO[O]_m2>>C[CH]CC=O_m2.COO_m1,9,2,1,6
CCCC=O_m1.[OH]_m2>>[CH2]CCC=O_m2.O_m1,7,0,0,2
CCCC=O_m1.O[O]_m2>>[CH2]CCC=O_m2.OO_m1,7,1,0,3
CCCC=O_m1.CO[O]_m2>>[CH2]CCC=O_m2.COO_m1,7,2,0,6
CC=CC=O_m1.[OH]_m2>>CC=C[C]=O_m2.O_m1,10,0,3,2
CC=CC=O_m1.O[O]_m2>>CC=C[C]=O_m2.OO_m1,10,1,3,3
CC=CC=O_m1.[CH3]_m2>>CC=C[C]=O_m2.C_m1,10,0,3,4
CC=CC=O_m1.[O]_m3>>CC=C[C]=O_m2.[OH]_m2,10,0,3,1
CC=CC=O_m1.[O][O]_m3>>CC=C[C]=O_m2.O[O]_m2,10,1,3,2
CC=CC=O_m1.[H]_m2>>CC=C[C]=O_m2.[H][H]_m1,10,0,3,1
CC=CC=O_m1.C=[CH]_m2>>CC=C[C]=O_m2.C=C_m1,10,1,3,3
CC=CC=O_m1.[H]_m2>>[CH2]C=CC=O_m2.[H][H]_m1,7,0,0,1
CC=CC=O_m1.[O]_m3>>[CH2]C=CC=O_m2.[OH]_m2,7,0,0,1
CC=CC=O_m1.[OH]_m2>>[CH2]C=CC=O_m2.O_m1,7,0,0,2
CC=CC=O_m1.[CH3]_m2>>[CH2]C=CC=O_m2.C_m1,7,0,0,4
CC=CC=O_m1.C=[CH]_m2>>[CH2]C=CC=O_m2.C=C_m1,7,1,0,3
CCC(=O)C_m1.[OH]_m2>>[CH2]CC(=O)C_m2.O_m1,7,0,0,2
CCC(=O)C_m1.O[O]_m2>>[CH2]CC(=O)C_m2.OO_m1,7,1,0,3
CCC(=O)C_m1.[O]_m3>>[CH2]CC(=O)C_m2.[OH]_m2,7,0,0,1
CCC(=O)C_m1.[H]_m2>>[CH2]CC(=O)C_m2.[H][H]_m1,7,0,0,1
CCC(=O)C_m1.[O][O]_m3>>[CH2]CC(=O)C_m2.O[O]_m2,7,1,0,2
CCC(=O)C_m1.[CH3]_m2>>[CH2]CC(=O)C_m2.C_m1,7,0,0,4
CCC(=O)C_m1.C[O]_m2>>[CH2]CC(=O)C_m2.CO_m1,7,1,0,5
CCC(=O)C_m1.CO[O]_m2>>[CH2]CC(=O)C_m2.COO_m1,7,2,0,6
CCC(=O)C_m1.C=[CH]_m2>>[CH2]CC(=O)C_m2.C=C_m1,7,1,0,3
CCC(=O)C_m1.C[CH2]_m2>>[CH2]CC(=O)C_m2.CC_m1,7,1,0,4
CCC(=O)C_m1.[OH]_m2>>C[CH]C(=O)C_m2.O_m1,9,0,1,2
CCC(=O)C_m1.O[O]_m2>>C[CH]C(=O)C_m2.OO_m1,9,1,1,3
CCC(=O)C_m1.[O]_m3>>C[CH]C(=O)C_m2.[OH]_m2,9,0,1,1
CCC(=O)C_m1.[H]_m2>>C[CH]C(=O)C_m2.[H][H]_m1,9,0,1,1
CCC(=O)C_m1.[O][O]_m3>>C[CH]C(=O)C_m2.O[O]_m2,9,1,1,2
CCC(=O)C_m1.[CH3]_m2>>C[CH]C(=O)C_m2.C_m1,9,0,1,4
CCC(=O)C_m1.C[O]_m2>>C[CH]C(=O)C_m2.CO_m1,9,1,1,5
CCC(=O)C_m1.CO[O]_m2>>C[CH]C(=O)C_m2.COO_m1,9,2,1,6
CCC(=O)C_m1.C=[CH]_m2>>C[CH]C(=O)C_m2.C=C_m1,9,1,1,3
CCC(=O)C_m1.C[CH2]_m2>>C[CH]C(=O)C_m2.CC_m1,9,1,1,4
CCC(=O)C_m1.[OH]_m2>>CCC(=O)[CH2]_m2.O_m1,12,0,4,2
CCC(=O)C_m1.O[O]_m2>>CCC(=O)[CH2]_m2.OO_m1,12,1,4,3
CCC(=O)C_m1.[O]_m3>>CCC(=O)[CH2]_m2.[OH]_m2,12,0,4,1
CCC(=O)C_m1.[H]_m2>>CCC(=O)[CH2]_m2.[H][H]_m1,12,0,4,1
CCC(=O)C_m1.[O][O]_m3>>CCC(=O)[CH2]_m2.O[O]_m2,12,1,4,2
CCC(=O)C_m1.[CH3]_m2>>CCC(=O)[CH2]_m2.C_m1,12,0,4,4
CCC(=O)C_m1.C[O]_m2>>CCC(=O)[CH2]_m2.CO_m1,12,1,4,5
CCC(=O)C_m1.CO[O]_m2>>CCC(=O)[CH2]_m2.COO_m1,12,2,4,6
CCC(=O)C_m1.C=[CH]_m2>>CCC(=O)[CH2]_m2.C=C_m1,12,1,4,3
CCC(=O)C_m1.C[CH2]_m2>>CCC(=O)[CH2]_m2.CC_m1,12,1,4,4
CCCCC_m1.[O][O]_m3>>CCCC[CH2]_m2.O[O]_m2,16,1,4,2
CCCCC_m1.[O]_m3>>CCCC[CH2]_m2.[OH]_m2,16,0,4,1
CCCCC_m1.[H]_m2>>CCCC[CH2]_m2.[H][H]_m1,16,0,4,1
CCCCC_m1.[OH]_m2>>CCCC[CH2]_m2.O_m1,16,0,4,2
CCCCC_m1.O[O]_m2>>CCCC[CH2]_m2.OO_m1,16,1,4,3
CCCCC_m1.[CH3]_m2>>CCCC[CH2]_m2.C_m1,16,0,4,4
CCCCC_m1.C[O]_m2>>CCCC[CH2]_m2.CO_m1,16,1,4,5
CCCCC_m1.CO[O]_m2>>CCCC[CH2]_m2.COO_m1,16,2,4,6
CCCCC_m1.C[CH2]_m2>>CCCC[CH2]_m2.CC_m1,16,1,4,4
CCCCC_m1.C=[CH]_m2>>CCCC[CH2]_m2.C=C_m1,16,1,4,3
CCCCC_m1.[O]OC=O_m2>>CCCC[CH2]_m2.OOC=O_m1,16,0,4,4
CCCCC_m1.[O][O]_m3>>C[CH]CCC_m2.O[O]_m2,9,1,1,2
CCCCC_m1.[O][O]_m3>>CC[CH]CC_m2.O[O]_m2,11,1,2,2
CCCCC_m1.[O]_m3>>C[CH]CCC_m2.[OH]_m2,9,0,1,1
CCCCC_m1.[O]_m3>>CC[CH]CC_m2.[OH]_m2,11,0,2,1
CCCCC_m1.[H]_m2>>C[CH]CCC_m2.[H][H]_m1,9,0,1,1
CCCCC_m1.[H]_m2>>CC[CH]CC_m2.[H][H]_m1,11,0,2,1
CCCCC_m1.[OH]_m2>>C[CH]CCC_m2.O_m1,9,0,1,2
CCCCC_m1.[OH]_m2>>CC[CH]CC_m2.O_m1,11,0,2,2
CCCCC_m1.O[O]_m2>>C[CH]CCC_m2.OO_m1,9,1,1,3
CCCCC_m1.O[O]_m2>>CC[CH]CC_m2.OO_m1,11,1,2,3
CCCCC_m1.[CH3]_m2>>C[CH]CCC_m2.C_m1,9,0,1,4
CCCCC_m1.[CH3]_m2>>CC[CH]CC_m2.C_m1,11,0,2,4
CCCCC_m1.C[O]_m2>>C[CH]CCC_m2.CO_m1,9,1,1,5
CCCCC_m1.C[O]_m2>>CC[CH]CC_m2.CO_m1,11,1,2,5
CCCCC_m1.CO[O]_m2>>C[CH]CCC_m2.COO_m1,9,2,1,6
CCCCC_m1.CO[O]_m2>>CC[CH]CC_m2.COO_m1,11,2,2,6
CCCCC_m1.C[CH2]_m2>>C[CH]CCC_m2.CC_m1,9,1,1,4
CCCCC_m1.C[CH2]_m2>>CC[CH]CC_m2.CC_m1,11,1,2,4
CCCCC_m1.C=[CH]_m2>>C[CH]CCC_m2.C=C_m1,9,1,1,3
CCCCC_m1.C=[CH]_m2>>CC[CH]CC_m2.C=C_m1,11,1,2,3
CCCCC_m1.[O]OC=O_m2>>C[CH]CCC_m2.OOC=O_m1,9,0,1,4
CCCCC_m1.[O]OC=O_m2>>CC[CH]CC_m2.OOC=O_m1,11,0,2,4
CCCCC_m1.CCCC[CH2]_m2>>C[CH]CCC_m2.CCCCC_m1,9,4,1,16
CCCCC_m1.CCCC[CH2]_m2>>CC[CH]CC_m2.CCCCC_m1,11,4,2,16
CCCCC_m1.C[CH]CCC_m2>>CC[CH]CC_m2.CCCCC_m1,11,1,2,9
CCCC[CH2]_m2.[O][O]_m3>>CCCC=C_m1.O[O]_m2,15,1,3,2
C[CH]CCC_m2.[O][O]_m3>>CCCC=C_m1.O[O]_m2,8,1,4,2
C[CH]CCC_m2.[O][O]_m3>>CCC=CC_m1.O[O]_m2,10,1,2,2
CC[CH]CC_m2.[O][O]_m3>>CCC=CC_m1.O[O]_m2,12,1,3,2
CCCCCOO_m1.[O][O]_m3>>CCCCCO[O]_m2.O[O]_m2,18,1,6,2
CC(OO)CCC_m1.[O][O]_m3>>CC(O[O])CCC_m2.O[O]_m2,11,1,3,2
CCC(OO)CC_m1.[O][O]_m3>>CCC(O[O])CC_m2.O[O]_m2,13,1,4,2
CCCCCOO_m1.O[O]_m2>>CCCCCO[O]_m2.OO_m1,18,1,6,3
CC(OO)CCC_m1.O[O]_m2>>CC(O[O])CCC_m2.OO_m1,11,1,3,3
CCC(OO)CC_m1.O[O]_m2>>CCC(O[O])CC_m2.OO_m1,13,1,4,3
CCCCC_m1.CCCCCO[O]_m2>>CCCC[CH2]_m2.CCCCCOO_m1,16,6,4,18
CCCCC_m1.CC(O[O])CCC_m2>>CCCC[CH2]_m2.CC(OO)CCC_m1,16,3,4,11
CCCCC_m1.CCC(O[O])CC_m2>>CCCC[CH2]_m2.CCC(OO)CC_m1,16,4,4,13
CCCCC_m1.CCCCCO[O]_m2>>C[CH]CCC_m2.CCCCCOO_m1,9,6,1,18
CCCCC_m1.CC(O[O])CCC_m2>>C[CH]CCC_m2.CC(OO)CCC_m1,9,3,1,11
CCCCC_m1.CCC(O[O])CC_m2>>C[CH]CCC_m2.CCC(OO)CC_m1,9,4,1,13
CCCCC_m1.CCCCCO[O]_m2>>CC[CH]CC_m2.CCCCCOO_m1,11,6,2,18
CCCCC_m1.CC(O[O])CCC_m2>>CC[CH]CC_m2.CC(OO)CCC_m1,11,3,2,11
CCCCC_m1.CCC(O[O])CC_m2>>CC[CH]CC_m2.CCC(OO)CC_m1,11,4,2,13
CCC(C)C_m1.[O][O]_m3>>CCC([CH2])C_m2.O[O]_m2,13,1,3,2
CCC(C)C_m1.[O][O]_m3>>[CH2]CC(C)C_m2.O[O]_m2,7,1,0,2
CCC(C)C_m1.[O]_m3>>CCC([CH2])C_m2.[OH]_m2,13,0,3,1
CCC(C)C_m1.[O]_m3>>[CH2]CC(C)C_m2.[OH]_m2,7,0,0,1
CCC(C)C_m1.[H]_m2>>CCC([CH2])C_m2.[H][H]_m1,13,0,3,1
CCC(C)C_m1.[H]_m2>>[CH2]CC(C)C_m2.[H][H]_m1,7,0,0,1
CCC(C)C_m1.[OH]_m2>>CCC([CH2])C_m2.O_m1,13,0,3,2
CCC(C)C_m1.[OH]_m2>>[CH2]CC(C)C_m2.O_m1,7,0,0,2
CCC(C)C_m1.O[O]_m2>>CCC([CH2])C_m2.OO_m1,13,1,3,3
CCC(C)C_m1.O[O]_m2>>[CH2]CC(C)C_m2.OO_m1,7,1,0,3
CCC(C)C_m1.[CH3]_m2>>CCC([CH2])C_m2.C_m1,13,0,3,4
CCC(C)C_m1.[CH3]_m2>>[CH2]CC(C)C_m2.C_m1,7,0,0,4
CCC(C)C_m1.C[O]_m2>>CCC([CH2])C_m2.CO_m1,13,1,3,5
CCC(C)C_m1.C[O]_m2>>[CH2]CC(C)C_m2.CO_m1,7,1,0,5
CCC(C)C_m1.CO[O]_m2>>CCC([CH2])C_m2.COO_m1,13,2,3,6
CCC(C)C_m1.CO[O]_m2>>[CH2]CC(C)C_m2.COO_m1,7,2,0,6
CCC(C)C_m1.C[CH2]_m2>>CCC([CH2])C_m2.CC_m1,13,1,3,4
CCC(C)C_m1.C[CH2]_m2>>[CH2]CC(C)C_m2.CC_m1,7,1,0,4
CCC(C)C_m1.C=[CH]_m2>>CCC([CH2])C_m2.C=C_m1,13,1,3,3
CCC(C)C_m1.C=[CH]_m2>>[CH2]CC(C)C_m2.C=C_m1,7,1,0,3
CCC(C)C_m1.[O]OC=O_m2>>CCC([CH2])C_m2.OOC=O_m1,13,0,3,4
CCC(C)C_m1.[O]OC=O_m2>>[CH2]CC(C)C_m2.OOC=O_m1,7,0,0,4
CCC(C)C_m1.CCC([CH2])C_m2>>[CH2]CC(C)C_m2.CCC(C)C_m1,7,3,0,13
CCC(C)C_m1.CC[C](C)C_m2>>[CH2]CC(C)C_m2.CCC(C)C_m1,7,2,0,10
CCC(C)C_m1.C[CH]C(C)C_m2>>[CH2]CC(C)C_m2.CCC(C)C_m1,7,1,0,9
CCC(C)C_m1.[O][O]_m3>>C[CH]C(C)C_m2.O[O]_m2,9,1,1,2
CCC(C)C_m1.[O]_m3>>C[CH]C(C)C_m2.[OH]_m2,9,0,1,1
CCC(C)C_m1.[H]_m2>>C[CH]C(C)C_m2.[H][H]_m1,9,0,1,1
CCC(C)C_m1.[OH]_m2>>C[CH]C(C)C_m2.O_m1,9,0,1,2
CCC(C)C_m1.O[O]_m2>>C[CH]C(C)C_m2.OO_m1,9,1,1,3
CCC(C)C_m1.[CH3]_m2>>C[CH]C(C)C_m2.C_m1,9,0,1,4
CCC(C)C_m1.C[O]_m2>>C[CH]C(C)C_m2.CO_m1,9,1,1,5
CCC(C)C_m1.CO[O]_m2>>C[CH]C(C)C_m2.COO_m1,9,2,1,6
CCC(C)C_m1.C[CH2]_m2>>C[CH]C(C)C_m2.CC_m1,9,1,1,4
CCC(C)C_m1.C=[CH]_m2>>C[CH]C(C)C_m2.C=C_m1,9,1,1,3
CCC(C)C_m1.[O]OC=O_m2>>C[CH]C(C)C_m2.OOC=O_m1,9,0,1,4
CCC(C)C_m1.CCC([CH2])C_m2>>C[CH]C(C)C_m2.CCC(C)C_m1,9,3,1,13
CCC(C)C_m1.CC[C](C)C_m2>>C[CH]C(C)C_m2.CCC(C)C_m1,9,2,1,10
CCC(C)C_m1.[O][O]_m3>>CC[C](C)C_m2.O[O]_m2,10,1,2,2
CCC(C)C_m1.[O]_m3>>CC[C](C)C_m2.[OH]_m2,10,0,2,1
CCC(C)C_m1.[H]_m2>>CC[C](C)C_m2.[H][H]_m1,10,0,2,1
CCC(C)C_m1.[OH]_m2>>CC[C](C)C_m2.O_m1,10,0,2,2
CCC(C)C_m1.O[O]_m2>>CC[C](C)C_m2.OO_m1,10,1,2,3
CCC(C)C_m1.[CH3]_m2>>CC[C](C)C_m2.C_m1,10,0,2,4
CCC(C)C_m1.C[O]_m2>>CC[C](C)C_m2.CO_m1,10,1,2,5
CCC(C)C_m1.CO[O]_m2>>CC[C](C)C_m2.COO_m1,10,2,2,6
CCC(C)C_m1.C[CH2]_m2>>CC[C](C)C_m2.CC_m1,10,1,2,4
CCC(C)C_m1.C=[CH]_m2>>CC[C](C)C_m2.C=C_m1,10,1,2,3
CCC(C)C_m1.[O]OC=O_m2>>CC[C](C)C_m2.OOC=O_m1,10,0,2,4
CCC(C)C_m1.CCC([CH2])C_m2>>CC[C](C)C_m2.CCC(C)C_m1,10,3,2,13
CCC([CH2])C_m2.[O][O]_m3>>CCC(=C)C_m1.O[O]_m2,12,1,2,2
CC[C](C)C_m2.[O][O]_m3>>CCC(=C)C_m1.O[O]_m2,12,1,3,2
CC[C](C)C_m2.[O][O]_m3>>CC=C(C)C_m1.O[O]_m2,9,1,1,2
C[CH]C(C)C_m2.[O][O]_m3>>CC=C(C)C_m1.O[O]_m2,9,1,2,2
C[CH]C(C)C_m2.[O][O]_m3>>C=CC(C)C_m1.O[O]_m2,8,1,0,2
[CH2]CC(C)C_m2.[O][O]_m3>>C=CC(C)C_m1.O[O]_m2,8,1,1,2
O[O]_m2.CC(CC)CO[O]_m2>>[O][O]_m3.CC(CC)COO_m1,2,6,1,18
O[O]_m2.CCC(O[O])(C)C_m2>>[O][O]_m3.CCC(OO)(C)C_m1,2,4,1,12
O[O]_m2.[O]OC(C(C)C)C_m2>>[O][O]_m3.OOC(C(C)C)C_m1,2,0,1,7
O[O]_m2.[O]OCCC(C)C_m2>>[O][O]_m3.OOCCC(C)C_m1,2,0,1,7
OO_m1.CC(CC)CO[O]_m2>>O[O]_m2.CC(CC)COO_m1,3,6,1,18
OO_m1.CCC(O[O])(C)C_m2>>O[O]_m2.CCC(OO)(C)C_m1,3,4,1,12
OO_m1.[O]OC(C(C)C)C_m2>>O[O]_m2.OOC(C(C)C)C_m1,3,0,1,7
OO_m1.[O]OCCC(C)C_m2>>O[O]_m2.OOCCC(C)C_m1,3,0,1,7
CCC(C)C_m1.CC(CC)CO[O]_m2>>CCC([CH2])C_m2.CC(CC)COO_m1,13,6,3,18
CCC(C)C_m1.CCC(O[O])(C)C_m2>>CCC([CH2])C_m2.CCC(OO)(C)C_m1,13,4,3,12
CCC(C)C_m1.[O]OC(C(C)C)C_m2>>CCC([CH2])C_m2.OOC(C(C)C)C_m1,13,0,3,7
CCC(C)C_m1.[O]OCCC(C)C_m2>>CCC([CH2])C_m2.OOCCC(C)C_m1,13,0,3,7
CCC(C)C_m1.CC(CC)CO[O]_m2>>[CH2]CC(C)C_m2.CC(CC)COO_m1,7,6,0,18
CCC(C)C_m1.CCC(O[O])(C)C_m2>>[CH2]CC(C)C_m2.CCC(OO)(C)C_m1,7,4,0,12
CCC(C)C_m1.[O]OC(C(C)C)C_m2>>[CH2]CC(C)C_m2.OOC(C(C)C)C_m1,7,0,0,7
CCC(C)C_m1.[O]OCCC(C)C_m2>>[CH2]CC(C)C_m2.OOCCC(C)C_m1,7,0,0,7
CCC(C)C_m1.CC(CC)CO[O]_m2>>C[CH]C(C)C_m2.CC(CC)COO_m1,9,6,1,18
CCC(C)C_m1.CCC(O[O])(C)C_m2>>C[CH]C(C)C_m2.CCC(OO)(C)C_m1,9,4,1,12
CCC(C)C_m1.[O]OC(C(C)C)C_m2>>C[CH]C(C)C_m2.OOC(C(C)C)C_m1,9,0,1,7
CCC(C)C_m1.[O]OCCC(C)C_m2>>C[CH]C(C)C_m2.OOCCC(C)C_m1,9,0,1,7
CCC(C)C_m1.CC(CC)CO[O]_m2>>CC[C](C)C_m2.CC(CC)COO_m1,10,6,2,18
CCC(C)C_m1.CCC(O[O])(C)C_m2>>CC[C](C)C_m2.CCC(OO)(C)C_m1,10,4,2,12
CCC(C)C_m1.[O]OC(C(C)C)C_m2>>CC[C](C)C_m2.OOC(C(C)C)C_m1,10,0,2,7
CCC(C)C_m1.[O]OCCC(C)C_m2>>CC[C](C)C_m2.OOCCC(C)C_m1,10,0,2,7
CC(=O)C(=C)C_m1.[OH]_m2>>[O]C(=C)C(=C)C_m2.O_m1,8,0,2,2
CC(=O)C(=C)C_m1.[O]_m3>>[O]C(=C)C(=C)C_m2.[OH]_m2,8,0,2,1
CC(=O)C(=C)C_m1.[H]_m2>>[O]C(=C)C(=C)C_m2.[H][H]_m1,8,0,2,1
CC(=O)C(=C)C_m1.[CH3]_m2>>[O]C(=C)C(=C)C_m2.C_m1,8,0,2,4
CC(=O)C(=C)C_m1.O[O]_m2>>[O]C(=C)C(=C)C_m2.OO_m1,8,1,2,3
CC(=O)C(=C)C_m1.[O][O]_m3>>[O]C(=C)C(=C)C_m2.O[O]_m2,8,1,2,2
CC(=O)C(=C)C_m1.[OH]_m2>>CC(=O)C(=C)[CH2]_m2.O_m1,13,0,5,2
CC(=O)C(=C)C_m1.[O]_m3>>CC(=O)C(=C)[CH2]_m2.[OH]_m2,13,0,5,1
CC(=O)C(=C)C_m1.[H]_m2>>CC(=O)C(=C)[CH2]_m2.[H][H]_m1,13,0,5,1
CC(=O)C(=C)C_m1.[CH3]_m2>>CC(=O)C(=C)[CH2]_m2.C_m1,13,0,5,4
CC(=O)C(=C)C_m1.O[O]_m2>>CC(=O)C(=C)[CH2]_m2.OO_m1,13,1,5,3
CC(=O)C(=C)C_m1.[O][O]_m3>>CC(=O)C(=C)[CH2]_m2.O[O]_m2,13,1,5,2
O[O]_m2.[O]OCC(C)(C)C_m2>>[O][O]_m3.OOCC(C)(C)C_m1,2,0,1,7
OO_m1.[O]OCC(C)(C)C_m2>>O[O]_m2.OOCC(C)(C)C_m1,3,0,1,7
CCCC=C_m1.[O][O]_m3>>[CH2]CCC=C_m2.O[O]_m2,7,1,0,2
CCCC=C_m1.[O]_m3>>[CH2]CCC=C_m2.[OH]_m2,7,0,0,1
CCCC=C_m1.[H]_m2>>[CH2]CCC=C_m2.[H][H]_m1,7,0,0,1
CCCC=C_m1.[OH]_m2>>[CH2]CCC=C_m2.O_m1,7,0,0,2
CCCC=C_m1.O[O]_m2>>[CH2]CCC=C_m2.OO_m1,7,1,0,3
CCCC=C_m1.[CH3]_m2>>[CH2]CCC=C_m2.C_m1,7,0,0,4
CCCC=C_m1.C[O]_m2>>[CH2]CCC=C_m2.CO_m1,7,1,0,5
CCCC=C_m1.CO[O]_m2>>[CH2]CCC=C_m2.COO_m1,7,2,0,6
CCC=CC_m1.[O][O]_m3>>[CH2]CC=CC_m2.O[O]_m2,7,1,0,2
CCC=CC_m1.[O]_m3>>[CH2]CC=CC_m2.[OH]_m2,7,0,0,1
CCC=CC_m1.[H]_m2>>[CH2]CC=CC_m2.[H][H]_m1,7,0,0,1
CCC=CC_m1.[OH]_m2>>[CH2]CC=CC_m2.O_m1,7,0,0,2
CCC=CC_m1.O[O]_m2>>[CH2]CC=CC_m2.OO_m1,7,1,0,3
CCC=CC_m1.[CH3]_m2>>[CH2]CC=CC_m2.C_m1,7,0,0,4
CCC=CC_m1.C[O]_m2>>[CH2]CC=CC_m2.CO_m1,7,1,0,5
CCC=CC_m1.CO[O]_m2>>[CH2]CC=CC_m2.COO_m1,7,2,0,6
CCCC=C_m1.[O][O]_m3>>C[CH]CC=C_m2.O[O]_m2,9,1,1,2
CCCC=C_m1.[O]_m3>>C[CH]CC=C_m2.[OH]_m2,9,0,1,1
CCCC=C_m1.[H]_m2>>C[CH]CC=C_m2.[H][H]_m1,9,0,1,1
CCCC=C_m1.[OH]_m2>>C[CH]CC=C_m2.O_m1,9,0,1,2
CCCC=C_m1.O[O]_m2>>C[CH]CC=C_m2.OO_m1,9,1,1,3
CCCC=C_m1.[CH3]_m2>>C[CH]CC=C_m2.C_m1,9,0,1,4
CCCC=C_m1.C[O]_m2>>C[CH]CC=C_m2.CO_m1,9,1,1,5
CCCC=C_m1.CO[O]_m2>>C[CH]CC=C_m2.COO_m1,9,2,1,6
CCC=CC_m1.[O][O]_m3>>CC[CH]C=C_m2.O[O]_m2,14,1,5,2
CCC=CC_m1.[O]_m3>>CC[CH]C=C_m2.[OH]_m2,14,0,5,1
CCC=CC_m1.[H]_m2>>CC[CH]C=C_m2.[H][H]_m1,14,0,5,1
CCC=CC_m1.[OH]_m2>>CC[CH]C=C_m2.O_m1,14,0,5,2
CCC=CC_m1.O[O]_m2>>CC[CH]C=C_m2.OO_m1,14,1,5,3
CCC=CC_m1.[CH3]_m2>>CC[CH]C=C_m2.C_m1,14,0,5,4
CCC=CC_m1.C[O]_m2>>CC[CH]C=C_m2.CO_m1,14,1,5,5
CCC=CC_m1.CO[O]_m2>>CC[CH]C=C_m2.COO_m1,14,2,5,6
CCCC=C_m1.[O][O]_m3>>CC[CH]C=C_m2.O[O]_m2,11,1,2,2
CCCC=C_m1.[O]_m3>>CC[CH]C=C_m2.[OH]_m2,11,0,2,1
CCCC=C_m1.[H]_m2>>CC[CH]C=C_m2.[H][H]_m1,11,0,2,1
CCCC=C_m1.[OH]_m2>>CC[CH]C=C_m2.O_m1,11,0,2,2
CCCC=C_m1.O[O]_m2>>CC[CH]C=C_m2.OO_m1,11,1,2,3
CCCC=C_m1.[CH3]_m2>>CC[CH]C=C_m2.C_m1,11,0,2,4
CCCC=C_m1.C[O]_m2>>CC[CH]C=C_m2.CO_m1,11,1,2,5
CCCC=C_m1.CO[O]_m2>>CC[CH]C=C_m2.COO_m1,11,2,2,6
CCC=CC_m1.[O][O]_m3>>C[CH]C=CC_m2.O[O]_m2,9,1,4,2
CCC=CC_m1.[O]_m3>>C[CH]C=CC_m2.[OH]_m2,9,0,4,1
CCC=CC_m1.[H]_m2>>C[CH]C=CC_m2.[H][H]_m1,9,0,4,1
CCC=CC_m1.[OH]_m2>>C[CH]C=CC_m2.O_m1,9,0,4,2
CCC=CC_m1.O[O]_m2>>C[CH]C=CC_m2.OO_m1,9,1,4,3
CCC=CC_m1.[CH3]_m2>>C[CH]C=CC_m2.C_m1,9,0,4,4
CCC=CC_m1.C[O]_m2>>C[CH]C=CC_m2.CO_m1,9,1,4,5
CCC=CC_m1.CO[O]_m2>>C[CH]C=CC_m2.COO_m1,9,2,4,6
C=CC(C)C_m1.[H]_m2>>C=CC([CH2])C_m2.[H][H]_m1,11,0,3,1
C=CC(C)C_m1.[OH]_m2>>C=CC([CH2])C_m2.O_m1,11,0,3,2
C=CC(C)C_m1.O[O]_m2>>C=CC([CH2])C_m2.OO_m1,11,1,3,3
C=CC(C)C_m1.[CH3]_m2>>C=CC([CH2])C_m2.C_m1,11,0,3,4
C=CC(C)C_m1.C[O]_m2>>C=CC([CH2])C_m2.CO_m1,11,1,3,5
C=CC(C)C_m1.CO[O]_m2>>C=CC([CH2])C_m2.COO_m1,11,2,3,6
CC=C(C)C_m1.[H]_m2>>C[CH]C(=C)C_m2.[H][H]_m1,11,0,4,1
CC=C(C)C_m1.[H]_m2>>C=C[C](C)C_m2.[H][H]_m1,7,0,0,1
CC=C(C)C_m1.[OH]_m2>>C[CH]C(=C)C_m2.O_m1,11,0,4,2
CC=C(C)C_m1.[OH]_m2>>C=C[C](C)C_m2.O_m1,7,0,0,2
CC=C(C)C_m1.O[O]_m2>>C[CH]C(=C)C_m2.OO_m1,11,1,4,3
CC=C(C)C_m1.O[O]_m2>>C=C[C](C)C_m2.OO_m1,7,1,0,3
CC=C(C)C_m1.[CH3]_m2>>C[CH]C(=C)C_m2.C_m1,11,0,4,4
CC=C(C)C_m1.[CH3]_m2>>C=C[C](C)C_m2.C_m1,7,0,0,4
CC=C(C)C_m1.C[O]_m2>>C[CH]C(=C)C_m2.CO_m1,11,1,4,5
CC=C(C)C_m1.C[O]_m2>>C=C[C](C)C_m2.CO_m1,7,1,0,5
CC=C(C)C_m1.CO[O]_m2>>C[CH]C(=C)C_m2.COO_m1,11,2,4,6
CC=C(C)C_m1.CO[O]_m2>>C=C[C](C)C_m2.COO_m1,7,2,0,6
C=CC(C)C_m1.[H]_m2>>C=C[C](C)C_m2.[H][H]_m1,8,0,2,1
C=CC(C)C_m1.[OH]_m2>>C=C[C](C)C_m2.O_m1,8,0,2,2
C=CC(C)C_m1.O[O]_m2>>C=C[C](C)C_m2.OO_m1,8,1,2,3
C=CC(C)C_m1.[CH3]_m2>>C=C[C](C)C_m2.C_m1,8,0,2,4
C=CC(C)C_m1.C[O]_m2>>C=C[C](C)C_m2.CO_m1,8,1,2,5
C=CC(C)C_m1.CO[O]_m2>>C=C[C](C)C_m2.COO_m1,8,2,2,6
CCC(=C)C_m1.[H]_m2>>CCC(=C)[CH2]_m2.[H][H]_m1,14,0,4,1
CCC(=C)C_m1.[O]_m3>>CCC(=C)[CH2]_m2.[OH]_m2,14,0,4,1
CCC(=C)C_m1.[OH]_m2>>CCC(=C)[CH2]_m2.O_m1,14,0,4,2
CCC(=C)C_m1.O[O]_m2>>CCC(=C)[CH2]_m2.OO_m1,14,1,4,3
CCC(=C)C_m1.[CH3]_m2>>CCC(=C)[CH2]_m2.C_m1,14,0,4,4
CCC(=C)C_m1.CO[O]_m2>>CCC(=C)[CH2]_m2.COO_m1,14,2,4,6
CCC(=C)C_m1.C[O]_m2>>CCC(=C)[CH2]_m2.CO_m1,14,1,4,5
CCC(=C)C_m1.[H]_m2>>C[CH]C(=C)C_m2.[H][H]_m1,9,0,1,1
CCC(=C)C_m1.[OH]_m2>>C[CH]C(=C)C_m2.O_m1,9,0,1,2
CCC(=C)C_m1.O[O]_m2>>C[CH]C(=C)C_m2.OO_m1,9,1,1,3
CCC(=C)C_m1.[CH3]_m2>>C[CH]C(=C)C_m2.C_m1,9,0,1,4
CCC(=C)C_m1.CO[O]_m2>>C[CH]C(=C)C_m2.COO_m1,9,2,1,6
CCC(=C)C_m1.C[O]_m2>>C[CH]C(=C)C_m2.CO_m1,9,1,1,5
CCC(=C)C_m1.[H]_m2>>[CH2]CC(=C)C_m2.[H][H]_m1,7,0,0,1
CCC(=C)C_m1.[OH]_m2>>[CH2]CC(=C)C_m2.O_m1,7,0,0,2
CCC(=C)C_m1.[CH3]_m2>>[CH2]CC(=C)C_m2.C_m1,7,0,0,4
CCC(=C)C_m1.O[O]_m2>>[CH2]CC(=C)C_m2.OO_m1,7,1,0,3
CCC(=C)C_m1.C[O]_m2>>[CH2]CC(=C)C_m2.CO_m1,7,1,0,5
CCC(=C)C_m1.CO[O]_m2>>[CH2]CC(=C)C_m2.COO_m1,7,2,0,6
C=CC(=C)C_m1.[H]_m2>>C=CC(=C)[CH2]_m2.[H][H]_m1,12,0,4,1
C=CC(=C)C_m1.[O][O]_m3>>C=CC(=C)[CH2]_m2.O[O]_m2,12,1,4,2
C=CC(=C)C_m1.[OH]_m2>>C=CC(=C)[CH2]_m2.O_m1,12,0,4,2
C=CC(=C)C_m1.O[O]_m2>>C=CC(=C)[CH2]_m2.OO_m1,12,1,4,3
C=CC(=C)C_m1.[CH3]_m2>>C=CC(=C)[CH2]_m2.C_m1,12,0,4,4
C=CC(=C)C_m1.CO[O]_m2>>C=CC(=C)[CH2]_m2.COO_m1,12,2,4,6
CCCCC=O_m1.[O][O]_m3>>CCCC[C]=O_m2.O[O]_m2,15,1,4,2
CCCCC=O_m1.[O]_m3>>CCCC[C]=O_m2.[OH]_m2,15,0,4,1
CCCCC=O_m1.[H]_m2>>CCCC[C]=O_m2.[H][H]_m1,15,0,4,1
CCCCC=O_m1.[OH]_m2>>CCCC[C]=O_m2.O_m1,15,0,4,2
CCCCC=O_m1.O[O]_m2>>CCCC[C]=O_m2.OO_m1,15,1,4,3
CCCCC=O_m1.[CH3]_m2>>CCCC[C]=O_m2.C_m1,15,0,4,4
CCCCC=O_m1.CO[O]_m2>>CCCC[C]=O_m2.COO_m1,15,2,4,6
CCCCC=O_m1.[OH]_m2>>CCC[CH]C=O_m2.O_m1,14,0,3,2
CCCCC=O_m1.[OH]_m2>>CC[CH]CC=O_m2.O_m1,12,0,2,2
CCCCC=O_m1.[OH]_m2>>C[CH]CCC=O_m2.O_m1,10,0,1,2
CCCCC=O_m1.[OH]_m2>>[CH2]CCCC=O_m2.O_m1,8,0,0,2
CCCCC=O_m1.O[O]_m2>>CCC[CH]C=O_m2.OO_m1,14,1,3,3
CCCCC=O_m1.O[O]_m2>>CC[CH]CC=O_m2.OO_m1,12,1,2,3
CCCCC=O_m1.O[O]_m2>>C[CH]CCC=O_m2.OO_m1,10,1,1,3
CCCCC=O_m1.O[O]_m2>>[CH2]CCCC=O_m2.OO_m1,8,1,0,3
CCCCC=O_m1.CO[O]_m2>>CCC[CH]C=O_m2.COO_m1,14,2,3,6
CCCCC=O_m1.CO[O]_m2>>CC[CH]CC=O_m2.COO_m1,12,2,2,6
CCCCC=O_m1.CO[O]_m2>>C[CH]CCC=O_m2.COO_m1,10,2,1,6
CCCCC=O_m1.CO[O]_m2>>[CH2]CCCC=O_m2.COO_m1,8,2,0,6
CCCC(=O)C_m1.[OH]_m2>>CCCC(=O)[CH2]_m2.O_m1,15,0,5,2
CCCC(=O)C_m1.O[O]_m2>>CCCC(=O)[CH2]_m2.OO_m1,15,1,5,3
CCCC(=O)C_m1.[OH]_m2>>CC[CH]C(=O)C_m2.O_m1,12,0,2,2
CCCC(=O)C_m1.O[O]_m2>>CC[CH]C(=O)C_m2.OO_m1,12,1,2,3
CCCC(=O)C_m1.[OH]_m2>>C[CH]CC(=O)C_m2.O_m1,10,0,1,2
CCCC(=O)C_m1.O[O]_m2>>C[CH]CC(=O)C_m2.OO_m1,10,1,1,3
CCCC(=O)C_m1.[OH]_m2>>[CH2]CCC(=O)C_m2.O_m1,8,0,0,2
CCCC(=O)C_m1.O[O]_m2>>[CH2]CCC(=O)C_m2.OO_m1,8,1,0,3
CCC(=O)CC_m1.[OH]_m2>>CCC(=O)C[CH2]_m2.O_m1,15,0,5,2
CCC(=O)CC_m1.O[O]_m2>>CCC(=O)C[CH2]_m2.OO_m1,15,1,5,3
CCC(=O)CC_m1.[OH]_m2>>C[CH]C(=O)CC_m2.O_m1,10,0,1,2
CCC(=O)CC_m1.O[O]_m2>>C[CH]C(=O)CC_m2.OO_m1,10,1,1,3
CCCCCO_m1.[OH]_m2>>[CH2]CCCCO_m2.O_m1,8,0,0,2
CCCCCO_m1.O[O]_m2>>[CH2]CCCCO_m2.OO_m1,8,1,0,3
CCCCCO_m1.[OH]_m2>>C[CH]CCCO_m2.O_m1,10,0,1,2
CCCCCO_m1.O[O]_m2>>C[CH]CCCO_m2.OO_m1,10,1,1,3
CCCCCO_m1.[OH]_m2>>CC[CH]CCO_m2.O_m1,12,0,2,2
CCCCCO_m1.O[O]_m2>>CC[CH]CCO_m2.OO_m1,12,1,2,3
CCCCCO_m1.[OH]_m2>>CCC[CH]CO_m2.O_m1,14,0,3,2
CCCCCO_m1.O[O]_m2>>CCC[CH]CO_m2.OO_m1,14,1,3,3
CCCCCO_m1.[OH]_m2>>CCCC[CH]O_m2.O_m1,16,0,4,2
CCCCCO_m1.O[O]_m2>>CCCC[CH]O_m2.OO_m1,16,1,4,3
CCCCCO_m1.[OH]_m2>>CCCCC[O]_m2.O_m1,17,0,5,2
CCCCCO_m1.O[O]_m2>>CCCCC[O]_m2.OO_m1,17,1,5,3
CCCCCC_m1.[H]_m2>>CCCCC[CH2]_m2.[H][H]_m1,19,0,5,1
CCCCCC_m1.[H]_m2>>C[CH]CCCC_m2.[H][H]_m1,10,0,1,1
CCCCCC_m1.[H]_m2>>CC[CH]CCC_m2.[H][H]_m1,12,0,2,1
CCCCCC_m1.[O]_m3>>CCCCC[CH2]_m2.[OH]_m2,19,0,5,1
CCCCCC_m1.[O]_m3>>C[CH]CCCC_m2.[OH]_m2,10,0,1,1
CCCCCC_m1.[O]_m3>>CC[CH]CCC_m2.[OH]_m2,12,0,2,1
CCCCCC_m1.[OH]_m2>>CCCCC[CH2]_m2.O_m1,19,0,5,2
CCCCCC_m1.[OH]_m2>>C[CH]CCCC_m2.O_m1,10,0,1,2
CCCCCC_m1.[OH]_m2>>CC[CH]CCC_m2.O_m1,12,0,2,2
CCCCCC_m1.[O][O]_m3>>CCCCC[CH2]_m2.O[O]_m2,19,1,5,2
CCCCCC_m1.[O][O]_m3>>C[CH]CCCC_m2.O[O]_m2,10,1,1,2
CCCCCC_m1.[O][O]_m3>>CC[CH]CCC_m2.O[O]_m2,12,1,2,2
CCCCCC_m1.O[O]_m2>>CCCCC[CH2]_m2.OO_m1,19,1,5,3
CCCCCC_m1.O[O]_m2>>C[CH]CCCC_m2.OO_m1,10,1,1,3
CCCCCC_m1.O[O]_m2>>CC[CH]CCC_m2.OO_m1,12,1,2,3
CCCCCC_m1.[CH3]_m2>>CCCCC[CH2]_m2.C_m1,19,0,5,4
CCCCCC_m1.[CH3]_m2>>C[CH]CCCC_m2.C_m1,10,0,1,4
CCCCCC_m1.[CH3]_m2>>CC[CH]CCC_m2.C_m1,12,0,2,4
CCCCCC_m1.C[O]_m2>>CCCCC[CH2]_m2.CO_m1,19,1,5,5
CCCCCC_m1.C[O]_m2>>C[CH]CCCC_m2.CO_m1,10,1,1,5
CCCCCC_m1.C[O]_m2>>CC[CH]CCC_m2.CO_m1,12,1,2,5
CCCCCC_m1.CO[O]_m2>>CCCCC[CH2]_m2.COO_m1,19,2,5,6
CCCCCC_m1.CO[O]_m2>>C[CH]CCCC_m2.COO_m1,10,2,1,6
CCCCCC_m1.CO[O]_m2>>CC[CH]CCC_m2.COO_m1,12,2,2,6
CCCCCC_m1.[O]OC=O_m2>>CCCCC[CH2]_m2.OOC=O_m1,19,0,5,4
CCCCCC_m1.[O]OC=O_m2>>C[CH]CCCC_m2.OOC=O_m1,10,0,1,4
CCCCCC_m1.[O]OC=O_m2>>CC[CH]CCC_m2.OOC=O_m1,12,0,2,4
CCCCCC_m1.C=[CH]_m2>>CCCCC[CH2]_m2.C=C_m1,19,1,5,3
CCCCCC_m1.C=[CH]_m2>>C[CH]CCCC_m2.C=C_m1,10,1,1,3
CCCCCC_m1.C=[CH]_m2>>CC[CH]CCC_m2.C=C_m1,12,1,2,3
CCCCCC_m1.C[CH2]_m2>>CCCCC[CH2]_m2.CC_m1,19,1,5,4
CCCCCC_m1.C[CH2]_m2>>C[CH]CCCC_m2.CC_m1,10,1,1,4
CCCCCC_m1.C[CH2]_m2>>CC[CH]CCC_m2.CC_m1,12,1,2,4
CCCCC[CH2]_m2.[O][O]_m3>>CCCCC=C_m1.O[O]_m2,18,1,4,2
C[CH]CCCC_m2.[O][O]_m3>>CCCCC=C_m1.O[O]_m2,9,1,5,2
C[CH]CCCC_m2.[O][O]_m3>>CCCC=CC_m1.O[O]_m2,11,1,3,2
CC[CH]CCC_m2.[O][O]_m3>>CCCC=CC_m1.O[O]_m2,11,1,4,2
CC[CH]CCC_m2.[O][O]_m3>>CCC=CCC_m1.O[O]_m2,13,1,3,2
CCCCCCOO_m1.[O][O]_m3>>CCCCCCO[O]_m2.O[O]_m2,21,1,7,2
CC(OO)CCCC_m1.[O][O]_m3>>CC(O[O])CCCC_m2.O[O]_m2,12,1,3,2
CCCC(OO)CC_m1.[O][O]_m3>>CCCC(O[O])CC_m2.O[O]_m2,16,1,5,2
CCCCCCOO_m1.O[O]_m2>>CCCCCCO[O]_m2.OO_m1,21,1,7,3
CC(OO)CCCC_m1.O[O]_m2>>CC(O[O])CCCC_m2.OO_m1,12,1,3,3
CCCC(OO)CC_m1.O[O]_m2>>CCCC(O[O])CC_m2.OO_m1,16,1,5,3
CCCCCC_m1.CCCCCCO[O]_m2>>CCCCC[CH2]_m2.CCCCCCOO_m1,19,7,5,21
CCCCCC_m1.CCCCCCO[O]_m2>>C[CH]CCCC_m2.CCCCCCOO_m1,10,7,1,21
CCCCCC_m1.CCCCCCO[O]_m2>>CC[CH]CCC_m2.CCCCCCOO_m1,12,7,2,21
CCCCCC_m1.CC(O[O])CCCC_m2>>CCCCC[CH2]_m2.CC(OO)CCCC_m1,19,3,5,12
CCCCCC_m1.CC(O[O])CCCC_m2>>C[CH]CCCC_m2.CC(OO)CCCC_m1,10,3,1,12
CCCCCC_m1.CC(O[O])CCCC_m2>>CC[CH]CCC_m2.CC(OO)CCCC_m1,12,3,2,12
CCCCCC_m1.CCCC(O[O])CC_m2>>CCCCC[CH2]_m2.CCCC(OO)CC_m1,19,5,5,16
CCCCCC_m1.CCCC(O[O])CC_m2>>C[CH]CCCC_m2.CCCC(OO)CC_m1,10,5,1,16
CCCCCC_m1.CCCC(O[O])CC_m2>>CC[CH]CCC_m2.CCCC(OO)CC_m1,12,5,2,16
CCCCC=C_m1.[H]_m2>>CCC[CH]C=C_m2.[H][H]_m1,14,0,3,1
CCCCC=C_m1.[H]_m2>>CC[CH]CC=C_m2.[H][H]_m1,12,0,2,1
CCCCC=C_m1.[H]_m2>>C[CH]CCC=C_m2.[H][H]_m1,10,0,1,1
CCCCC=C_m1.[H]_m2>>[CH2]CCCC=C_m2.[H][H]_m1,8,0,0,1
CCCCC=C_m1.[O]_m3>>CCC[CH]C=C_m2.[OH]_m2,14,0,3,1
CCCCC=C_m1.[O]_m3>>CC[CH]CC=C_m2.[OH]_m2,12,0,2,1
CCCCC=C_m1.[O]_m3>>C[CH]CCC=C_m2.[OH]_m2,10,0,1,1
CCCCC=C_m1.[O]_m3>>[CH2]CCCC=C_m2.[OH]_m2,8,0,0,1
CCCCC=C_m1.[OH]_m2>>CCC[CH]C=C_m2.O_m1,14,0,3,2
CCCCC=C_m1.[OH]_m2>>CC[CH]CC=C_m2.O_m1,12,0,2,2
CCCCC=C_m1.[OH]_m2>>C[CH]CCC=C_m2.O_m1,10,0,1,2
CCCCC=C_m1.[OH]_m2>>[CH2]CCCC=C_m2.O_m1,8,0,0,2
CCCCC=C_m1.[O][O]_m3>>CCC[CH]C=C_m2.O[O]_m2,14,1,3,2
CCCCC=C_m1.[O][O]_m3>>CC[CH]CC=C_m2.O[O]_m2,12,1,2,2
CCCCC=C_m1.[O][O]_m3>>C[CH]CCC=C_m2.O[O]_m2,10,1,1,2
CCCCC=C_m1.[O][O]_m3>>[CH2]CCCC=C_m2.O[O]_m2,8,1,0,2
CCCCC=C_m1.O[O]_m2>>CCC[CH]C=C_m2.OO_m1,14,1,3,3
CCCCC=C_m1.O[O]_m2>>CC[CH]CC=C_m2.OO_m1,12,1,2,3
CCCCC=C_m1.O[O]_m2>>C[CH]CCC=C_m2.OO_m1,10,1,1,3
CCCCC=C_m1.O[O]_m2>>[CH2]CCCC=C_m2.OO_m1,8,1,0,3
CCCCC=C_m1.[CH3]_m2>>CCC[CH]C=C_m2.C_m1,14,0,3,4
CCCCC=C_m1.[CH3]_m2>>CC[CH]CC=C_m2.C_m1,12,0,2,4
CCCCC=C_m1.[CH3]_m2>>C[CH]CCC=C_m2.C_m1,10,0,1,4
CCCCC=C_m1.[CH3]_m2>>[CH2]CCCC=C_m2.C_m1,8,0,0,4
CCCCC=C_m1.C[O]_m2>>CCC[CH]C=C_m2.CO_m1,14,1,3,5
CCCCC=C_m1.C[O]_m2>>CC[CH]CC=C_m2.CO_m1,12,1,2,5
CCCCC=C_m1.C[O]_m2>>C[CH]CCC=C_m2.CO_m1,10,1,1,5
CCCCC=C_m1.C[O]_m2>>[CH2]CCCC=C_m2.CO_m1,8,1,0,5
CCCCC=C_m1.CO[O]_m2>>CCC[CH]C=C_m2.COO_m1,14,2,3,6
CCCCC=C_m1.CO[O]_m2>>CC[CH]CC=C_m2.COO_m1,12,2,2,6
CCCCC=C_m1.CO[O]_m2>>C[CH]CCC=C_m2.COO_m1,10,2,1,6
CCCCC=C_m1.CO[O]_m2>>[CH2]CCCC=C_m2.COO_m1,8,2,0,6
CCCC=CC_m1.[H]_m2>>CCC[CH]C=C_m2.[H][H]_m1,17,0,6,1
CCCC=CC_m1.[H]_m2>>CC[CH]C=CC_m2.[H][H]_m1,12,0,2,1
CCCC=CC_m1.[H]_m2>>C[CH]CC=CC_m2.[H][H]_m1,10,0,1,1
CCCC=CC_m1.[H]_m2>>[CH2]CCC=CC_m2.[H][H]_m1,8,0,0,1
CCCC=CC_m1.[O]_m3>>CCC[CH]C=C_m2.[OH]_m2,17,0,6,1
CCCC=CC_m1.[O]_m3>>CC[CH]C=CC_m2.[OH]_m2,12,0,2,1
CCCC=CC_m1.[O]_m3>>C[CH]CC=CC_m2.[OH]_m2,10,0,1,1
CCCC=CC_m1.[O]_m3>>[CH2]CCC=CC_m2.[OH]_m2,8,0,0,1
CCCC=CC_m1.[OH]_m2>>CCC[CH]C=C_m2.O_m1,17,0,6,2
CCCC=CC_m1.[OH]_m2>>CC[CH]C=CC_m2.O_m1,12,0,2,2
CCCC=CC_m1.[OH]_m2>>C[CH]CC=CC_m2.O_m1,10,0,1,2
CCCC=CC_m1.[OH]_m2>>[CH2]CCC=CC_m2.O_m1,8,0,0,2
CCCC=CC_m1.[O][O]_m3>>CCC[CH]C=C_m2.O[O]_m2,17,1,6,2
CCCC=CC_m1.[O][O]_m3>>CC[CH]C=CC_m2.O[O]_m2,12,1,2,2
CCCC=CC_m1.[O][O]_m3>>C[CH]CC=CC_m2.O[O]_m2,10,1,1,2
CCCC=CC_m1.[O][O]_m3>>[CH2]CCC=CC_m2.O[O]_m2,8,1,0,2
CCCC=CC_m1.O[O]_m2>>CCC[CH]C=C_m2.OO_m1,17,1,6,3
CCCC=CC_m1.O[O]_m2>>CC[CH]C=CC_m2.OO_m1,12,1,2,3
CCCC=CC_m1.O[O]_m2>>C[CH]CC=CC_m2.OO_m1,10,1,1,3
CCCC=CC_m1.O[O]_m2>>[CH2]CCC=CC_m2.OO_m1,8,1,0,3
CCCC=CC_m1.[CH3]_m2>>CCC[CH]C=C_m2.C_m1,17,0,6,4
CCCC=CC_m1.[CH3]_m2>>CC[CH]C=CC_m2.C_m1,12,0,2,4
CCCC=CC_m1.[CH3]_m2>>C[CH]CC=CC_m2.C_m1,10,0,1,4
CCCC=CC_m1.[CH3]_m2>>[CH2]CCC=CC_m2.C_m1,8,0,0,4
CCCC=CC_m1.C[O]_m2>>CCC[CH]C=C_m2.CO_m1,17,1,6,5
CCCC=CC_m1.C[O]_m2>>CC[CH]C=CC_m2.CO_m1,12,1,2,5
CCCC=CC_m1.C[O]_m2>>C[CH]CC=CC_m2.CO_m1,10,1,1,5
CCCC=CC_m1.C[O]_m2>>[CH2]CCC=CC_m2.CO_m1,8,1,0,5
CCCC=CC_m1.CO[O]_m2>>CCC[CH]C=C_m2.COO_m1,17,2,6,6
CCCC=CC_m1.CO[O]_m2>>CC[CH]C=CC_m2.COO_m1,12,2,2,6
CCCC=CC_m1.CO[O]_m2>>C[CH]CC=CC_m2.COO_m1,10,2,1,6
CCCC=CC_m1.CO[O]_m2>>[CH2]CCC=CC_m2.COO_m1,8,2,0,6
CCC=CCC_m1.[H]_m2>>CC[CH]C=CC_m2.[H][H]_m1,14,0,5,1
CCC=CCC_m1.[H]_m2>>CCC=CC[CH2]_m2.[H][H]_m1,17,0,5,1
CCC=CCC_m1.[O]_m3>>CC[CH]C=CC_m2.[OH]_m2,14,0,5,1
CCC=CCC_m1.[O]_m3>>CCC=CC[CH2]_m2.[OH]_m2,17,0,5,1
CCC=CCC_m1.[OH]_m2>>CC[CH]C=CC_m2.O_m1,14,0,5,2
CCC=CCC_m1.[OH]_m2>>CCC=CC[CH2]_m2.O_m1,17,0,5,2
CCC=CCC_m1.[O][O]_m3>>CC[CH]C=CC_m2.O[O]_m2,14,1,5,2
CCC=CCC_m1.[O][O]_m3>>CCC=CC[CH2]_m2.O[O]_m2,17,1,5,2
CCC=CCC_m1.O[O]_m2>>CC[CH]C=CC_m2.OO_m1,14,1,5,3
CCC=CCC_m1.O[O]_m2>>CCC=CC[CH2]_m2.OO_m1,17,1,5,3
CCC=CCC_m1.[CH3]_m2>>CC[CH]C=CC_m2.C_m1,14,0,5,4
CCC=CCC_m1.[CH3]_m2>>CCC=CC[CH2]_m2.C_m1,17,0,5,4
CCC=CCC_m1.C[O]_m2>>CC[CH]C=CC_m2.CO_m1,14,1,5,5
CCC=CCC_m1.C[O]_m2>>CCC=CC[CH2]_m2.CO_m1,17,1,5,5
CCC=CCC_m1.CO[O]_m2>>CC[CH]C=CC_m2.COO_m1,14,2,5,6
CCC=CCC_m1.CO[O]_m2>>CCC=CC[CH2]_m2.COO_m1,17,2,5,6
CCCCCC=O_m1.[O][O]_m3>>CCCCC[C]=O_m2.O[O]_m2,18,1,5,2
CCCCCC=O_m1.[O]_m3>>CCCCC[C]=O_m2.[OH]_m2,18,0,5,1
CCCCCC=O_m1.[H]_m2>>CCCCC[C]=O_m2.[H][H]_m1,18,0,5,1
CCCCCC=O_m1.[OH]_m2>>CCCCC[C]=O_m2.O_m1,18,0,5,2
CCCCCC=O_m1.O[O]_m2>>CCCCC[C]=O_m2.OO_m1,18,1,5,3
CCCCCC=O_m1.[CH3]_m2>>CCCCC[C]=O_m2.C_m1,18,0,5,4
CCCCCC=O_m1.CO[O]_m2>>CCCCC[C]=O_m2.COO_m1,18,2,5,6
CCCCCC=O_m1.[OH]_m2>>CCCC[CH]C=O_m2.O_m1,17,0,4,2
CCCCCC=O_m1.[OH]_m2>>CCC[CH]CC=O_m2.O_m1,15,0,3,2
CCCCCC=O_m1.[OH]_m2>>CC[CH]CCC=O_m2.O_m1,13,0,2,2
CCCCCC=O_m1.[OH]_m2>>C[CH]CCCC=O_m2.O_m1,11,0,1,2
CCCCCC=O_m1.[OH]_m2>>[CH2]CCCCC=O_m2.O_m1,9,0,0,2
CCCCCC=O_m1.O[O]_m2>>CCCC[CH]C=O_m2.OO_m1,17,1,4,3
CCCCCC=O_m1.O[O]_m2>>CCC[CH]CC=O_m2.OO_m1,15,1,3,3
CCCCCC=O_m1.O[O]_m2>>CC[CH]CCC=O_m2.OO_m1,13,1,2,3
CCCCCC=O_m1.O[O]_m2>>C[CH]CCCC=O_m2.OO_m1,11,1,1,3
CCCCCC=O_m1.O[O]_m2>>[CH2]CCCCC=O_m2.OO_m1,9,1,0,3
CCCCCC=O_m1.CO[O]_m2>>CCCC[CH]C=O_m2.COO_m1,17,2,4,6
CCCCCC=O_m1.CO[O]_m2>>CCC[CH]CC=O_m2.COO_m1,15,2,3,6
CCCCCC=O_m1.CO[O]_m2>>CC[CH]CCC=O_m2.COO_m1,13,2,2,6
CCCCCC=O_m1.CO[O]_m2>>C[CH]CCCC=O_m2.COO_m1,11,2,1,6
CCCCCC=O_m1.CO[O]_m2>>[CH2]CCCCC=O_m2.COO_m1,9,2,0,6
CCC[CH]C=C_m2.[O][O]_m3>>CCC=CC=C_m1.O[O]_m2,13,1,2,2
CC[CH]C=CC_m2.[O][O]_m3>>CC=CC=CC_m1.O[O]_m2,11,1,4,2
C=CCCC=C_m1.[H]_m2>>C=C[CH]CC=C_m2.[H][H]_m1,10,0,2,1
C=CCCC=C_m1.[O][O]_m3>>C=C[CH]CC=C_m2.O[O]_m2,10,1,2,2
C=CCCC=C_m1.[O]_m3>>C=C[CH]CC=C_m2.[OH]_m2,10,0,2,1
C=CCCC=C_m1.[OH]_m2>>C=C[CH]CC=C_m2.O_m1,10,0,2,2
C=CCCC=C_m1.[CH3]_m2>>C=C[CH]CC=C_m2.C_m1,10,0,2,4
CCCCCCC_m1.[H]_m2>>CCCCCC[CH2]_m2.[H][H]_m1,22,0,6,1
CCCCCCC_m1.[H]_m2>>C[CH]CCCCC_m2.[H][H]_m1,11,0,1,1
CCCCCCC_m1.[H]_m2>>CCC[CH]CCC_m2.[H][H]_m1,15,0,3,1
CCCCCCC_m1.[O]_m3>>CCCCCC[CH2]_m2.[OH]_m2,22,0,6,1
CCCCCCC_m1.[O]_m3>>C[CH]CCCCC_m2.[OH]_m2,11,0,1,1
CCCCCCC_m1.[O]_m3>>CC[CH]CCCC_m2.[OH]_m2,13,0,2,1
CCCCCCC_m1.[O]_m3>>CCC[CH]CCC_m2.[OH]_m2,15,0,3,1
CCCCCCC_m1.[OH]_m2>>CCCCCC[CH2]_m2.O_m1,22,0,6,2
CCCCCCC_m1.[OH]_m2>>C[CH]CCCCC_m2.O_m1,11,0,1,2
CCCCCCC_m1.[OH]_m2>>CCC[CH]CCC_m2.O_m1,15,0,3,2
CCCCCCC_m1.[O][O]_m3>>CCCCCC[CH2]_m2.O[O]_m2,22,1,6,2
CCCCCCC_m1.[O][O]_m3>>C[CH]CCCCC_m2.O[O]_m2,11,1,1,2
CCCCCCC_m1.[O][O]_m3>>CCC[CH]CCC_m2.O[O]_m2,15,1,3,2
CCCCCCC_m1.O[O]_m2>>CCCCCC[CH2]_m2.OO_m1,22,1,6,3
CCCCCCC_m1.O[O]_m2>>C[CH]CCCCC_m2.OO_m1,11,1,1,3
CCCCCCC_m1.O[O]_m2>>CC[CH]CCCC_m2.OO_m1,13,1,2,3
CCCCCCC_m1.O[O]_m2>>CCC[CH]CCC_m2.OO_m1,15,1,3,3
CCCCCCC_m1.[CH3]_m2>>CCCCCC[CH2]_m2.C_m1,22,0,6,4
CCCCCCC_m1.[CH3]_m2>>C[CH]CCCCC_m2.C_m1,11,0,1,4
CCCCCCC_m1.[CH3]_m2>>CCC[CH]CCC_m2.C_m1,15,0,3,4
CCCCCCC_m1.C[O]_m2>>CCCCCC[CH2]_m2.CO_m1,22,1,6,5
CCCCCCC_m1.C[O]_m2>>C[CH]CCCCC_m2.CO_m1,11,1,1,5
CCCCCCC_m1.C[O]_m2>>CC[CH]CCCC_m2.CO_m1,13,1,2,5
CCCCCCC_m1.C[O]_m2>>CCC[CH]CCC_m2.CO_m1,15,1,3,5
CCCCCCC_m1.CO[O]_m2>>CCCCCC[CH2]_m2.COO_m1,22,2,6,6
CCCCCCC_m1.CO[O]_m2>>C[CH]CCCCC_m2.COO_m1,11,2,1,6
CCCCCCC_m1.CO[O]_m2>>CC[CH]CCCC_m2.COO_m1,13,2,2,6
CCCCCCC_m1.CO[O]_m2>>CCC[CH]CCC_m2.COO_m1,15,2,3,6
CCCCCCC_m1.[O]OC=O_m2>>CCCCCC[CH2]_m2.OOC=O_m1,22,0,6,4
CCCCCCC_m1.[O]OC=O_m2>>C[CH]CCCCC_m2.OOC=O_m1,11,0,1,4
CCCCCCC_m1.[O]OC=O_m2>>CCC[CH]CCC_m2.OOC=O_m1,15,0,3,4
CCCCCCC_m1.C=[CH]_m2>>CCCCCC[CH2]_m2.C=C_m1,22,1,6,3
CCCCCCC_m1.C=[CH]_m2>>C[CH]CCCCC_m2.C=C_m1,11,1,1,3
CCCCCCC_m1.C=[CH]_m2>>CCC[CH]CCC_m2.C=C_m1,15,1,3,3
CCCCCCC_m1.C[CH2]_m2>>CCCCCC[CH2]_m2.CC_m1,22,1,6,4
CCCCCCC_m1.C[CH2]_m2>>C[CH]CCCCC_m2.CC_m1,11,1,1,4
CCCCCCC_m1.C[CH2]_m2>>CCC[CH]CCC_m2.CC_m1,15,1,3,4
CCCCCC[CH2]_m2.[O][O]_m3>>CCCCCC=C_m1.O[O]_m2,21,1,5,2
C[CH]CCCCC_m2.[O][O]_m3>>CCCCCC=C_m1.O[O]_m2,10,1,6,2
C[CH]CCCCC_m2.[O][O]_m3>>CCCCC=CC_m1.O[O]_m2,12,1,4,2
CC[CH]CCCC_m2.[O][O]_m3>>CCCCC=CC_m1.O[O]_m2,12,1,5,2
CC[CH]CCCC_m2.[O][O]_m3>>CCCC=CCC_m1.O[O]_m2,14,1,3,2
CCC[CH]CCC_m2.[O][O]_m3>>CCCC=CCC_m1.O[O]_m2,16,1,4,2
CCCCCCCOO_m1.[O][O]_m3>>CCCCCCCO[O]_m2.O[O]_m2,24,1,8,2
CCCCCC(OO)C_m1.[O][O]_m3>>CCCCCC(O[O])C_m2.O[O]_m2,21,1,7,2
CCCCC(OO)CC_m1.[O][O]_m3>>CCCCC(O[O])CC_m2.O[O]_m2,19,1,6,2
CCCC(CCC)OO_m1.[O][O]_m3>>CCCC(CCC)O[O]_m2.O[O]_m2,24,1,8,2
CCCCCCCOO_m1.O[O]_m2>>CCCCCCCO[O]_m2.OO_m1,24,1,8,3
CCCCCC(OO)C_m1.O[O]_m2>>CCCCCC(O[O])C_m2.OO_m1,21,1,7,3
CCCCC(OO)CC_m1.O[O]_m2>>CCCCC(O[O])CC_m2.OO_m1,19,1,6,3
CCCC(CCC)OO_m1.O[O]_m2>>CCCC(CCC)O[O]_m2.OO_m1,24,1,8,3
CCCCCCC_m1.CCCCCCCO[O]_m2>>CCCCCC[CH2]_m2.CCCCCCCOO_m1,22,8,6,24
CCCCCCC_m1.CCCCCCCO[O]_m2>>C[CH]CCCCC_m2.CCCCCCCOO_m1,11,8,1,24
CCCCCCC_m1.CCCCCCCO[O]_m2>>CCC[CH]CCC_m2.CCCCCCCOO_m1,15,8,3,24
CCCCCCC_m1.CCCCCC(O[O])C_m2>>CCCCCC[CH2]_m2.CCCCCC(OO)C_m1,22,7,6,21
CCCCCCC_m1.CCCCCC(O[O])C_m2>>C[CH]CCCCC_m2.CCCCCC(OO)C_m1,11,7,1,21
CCCCCCC_m1.CCCCCC(O[O])C_m2>>CCC[CH]CCC_m2.CCCCCC(OO)C_m1,15,7,3,21
CCCCCCC_m1.CCCCC(O[O])CC_m2>>CCCCCC[CH2]_m2.CCCCC(OO)CC_m1,22,6,6,19
CCCCCCC_m1.CCCCC(O[O])CC_m2>>C[CH]CCCCC_m2.CCCCC(OO)CC_m1,11,6,1,19
CCCCCCC_m1.CCCCC(O[O])CC_m2>>CCC[CH]CCC_m2.CCCCC(OO)CC_m1,15,6,3,19
CCCCCCC_m1.CCCC(CCC)O[O]_m2>>CCCCCC[CH2]_m2.CCCC(CCC)OO_m1,22,8,6,24
CCCCCCC_m1.CCCC(CCC)O[O]_m2>>C[CH]CCCCC_m2.CCCC(CCC)OO_m1,11,8,1,24
CCCCCCC_m1.CCCC(CCC)O[O]_m2>>CC[CH]CCCC_m2.CCCC(CCC)OO_m1,13,8,2,24
CCCCCCC_m1.CCCC(CCC)O[O]_m2>>CCC[CH]CCC_m2.CCCC(CCC)OO_m1,15,8,3,24
CCCC(=O)CC([O])C_m2.[O][O]_m3>>CCCC(=O)CC(=O)C_m1.O[O]_m2,18,1,6,2
CCCCCC=C_m1.[H]_m2>>CCCC[CH]C=C_m2.[H][H]_m1,17,0,4,1
CCCCCC=C_m1.[H]_m2>>CCC[CH]CC=C_m2.[H][H]_m1,15,0,3,1
CCCCCC=C_m1.[H]_m2>>CC[CH]CCC=C_m2.[H][H]_m1,13,0,2,1
CCCCCC=C_m1.[H]_m2>>C[CH]CCCC=C_m2.[H][H]_m1,11,0,1,1
CCCCCC=C_m1.[H]_m2>>[CH2]CCCCC=C_m2.[H][H]_m1,9,0,0,1
CCCCCC=C_m1.[O]_m3>>CCCC[CH]C=C_m2.[OH]_m2,17,0,4,1
CCCCCC=C_m1.[O]_m3>>CCC[CH]CC=C_m2.[OH]_m2,15,0,3,1
CCCCCC=C_m1.[O]_m3>>CC[CH]CCC=C_m2.[OH]_m2,13,0,2,1
CCCCCC=C_m1.[O]_m3>>C[CH]CCCC=C_m2.[OH]_m2,11,0,1,1
CCCCCC=C_m1.[O]_m3>>[CH2]CCCCC=C_m2.[OH]_m2,9,0,0,1
CCCCCC=C_m1.[OH]_m2>>CCCC[CH]C=C_m2.O_m1,17,0,4,2
CCCCCC=C_m1.[OH]_m2>>CCC[CH]CC=C_m2.O_m1,15,0,3,2
CCCCCC=C_m1.[OH]_m2>>CC[CH]CCC=C_m2.O_m1,13,0,2,2
CCCCCC=C_m1.[OH]_m2>>C[CH]CCCC=C_m2.O_m1,11,0,1,2
CCCCCC=C_m1.[OH]_m2>>[CH2]CCCCC=C_m2.O_m1,9,0,0,2
CCCCCC=C_m1.[O][O]_m3>>CCCC[CH]C=C_m2.O[O]_m2,17,1,4,2
CCCCCC=C_m1.[O][O]_m3>>CCC[CH]CC=C_m2.O[O]_m2,15,1,3,2
CCCCCC=C_m1.[O][O]_m3>>CC[CH]CCC=C_m2.O[O]_m2,13,1,2,2
CCCCCC=C_m1.[O][O]_m3>>C[CH]CCCC=C_m2.O[O]_m2,11,1,1,2
CCCCCC=C_m1.[O][O]_m3>>[CH2]CCCCC=C_m2.O[O]_m2,9,1,0,2
CCCCCC=C_m1.O[O]_m2>>CCCC[CH]C=C_m2.OO_m1,17,1,4,3
CCCCCC=C_m1.O[O]_m2>>CCC[CH]CC=C_m2.OO_m1,15,1,3,3
CCCCCC=C_m1.O[O]_m2>>CC[CH]CCC=C_m2.OO_m1,13,1,2,3
CCCCCC=C_m1.O[O]_m2>>C[CH]CCCC=C_m2.OO_m1,11,1,1,3
CCCCCC=C_m1.O[O]_m2>>[CH2]CCCCC=C_m2.OO_m1,9,1,0,3
CCCCCC=C_m1.[CH3]_m2>>CCCC[CH]C=C_m2.C_m1,17,0,4,4
CCCCCC=C_m1.[CH3]_m2>>CCC[CH]CC=C_m2.C_m1,15,0,3,4
CCCCCC=C_m1.[CH3]_m2>>CC[CH]CCC=C_m2.C_m1,13,0,2,4
CCCCCC=C_m1.[CH3]_m2>>C[CH]CCCC=C_m2.C_m1,11,0,1,4
CCCCCC=C_m1.[CH3]_m2>>[CH2]CCCCC=C_m2.C_m1,9,0,0,4
CCCCCC=C_m1.C[O]_m2>>CCCC[CH]C=C_m2.CO_m1,17,1,4,5
CCCCCC=C_m1.C[O]_m2>>CCC[CH]CC=C_m2.CO_m1,15,1,3,5
CCCCCC=C_m1.C[O]_m2>>CC[CH]CCC=C_m2.CO_m1,13,1,2,5
CCCCCC=C_m1.C[O]_m2>>C[CH]CCCC=C_m2.CO_m1,11,1,1,5
CCCCCC=C_m1.C[O]_m2>>[CH2]CCCCC=C_m2.CO_m1,9,1,0,5
CCCCCC=C_m1.CO[O]_m2>>CCCC[CH]C=C_m2.COO_m1,17,2,4,6
CCCCCC=C_m1.CO[O]_m2>>CCC[CH]CC=C_m2.COO_m1,15,2,3,6
CCCCCC=C_m1.CO[O]_m2>>CC[CH]CCC=C_m2.COO_m1,13,2,2,6
CCCCCC=C_m1.CO[O]_m2>>C[CH]CCCC=C_m2.COO_m1,11,2,1,6
CCCCCC=C_m1.CO[O]_m2>>[CH2]CCCCC=C_m2.COO_m1,9,2,0,6
CCCCC=CC_m1.[H]_m2>>CCCC[CH]C=C_m2.[H][H]_m1,20,0,7,1
CCCCC=CC_m1.[H]_m2>>CCC[CH]C=CC_m2.[H][H]_m1,15,0,3,1
CCCCC=CC_m1.[H]_m2>>CC[CH]CC=CC_m2.[H][H]_m1,13,0,2,1
CCCCC=CC_m1.[H]_m2>>C[CH]CCC=CC_m2.[H][H]_m1,11,0,1,1
CCCCC=CC_m1.[H]_m2>>[CH2]CCCC=CC_m2.[H][H]_m1,9,0,0,1
CCCCC=CC_m1.[O]_m3>>CCCC[CH]C=C_m2.[OH]_m2,20,0,7,1
CCCCC=CC_m1.[O]_m3>>CCC[CH]C=CC_m2.[OH]_m2,15,0,3,1
CCCCC=CC_m1.[O]_m3>>CC[CH]CC=CC_m2.[OH]_m2,13,0,2,1
CCCCC=CC_m1.[O]_m3>>C[CH]CCC=CC_m2.[OH]_m2,11,0,1,1
CCCCC=CC_m1.[O]_m3>>[CH2]CCCC=CC_m2.[OH]_m2,9,0,0,1
CCCCC=CC_m1.[OH]_m2>>CCCC[CH]C=C_m2.O_m1,20,0,7,2
CCCCC=CC_m1.[OH]_m2>>CCC[CH]C=CC_m2.O_m1,15,0,3,2
CCCCC=CC_m1.[OH]_m2>>CC[CH]CC=CC_m2.O_m1,13,0,2,2
CCCCC=CC_m1.[OH]_m2>>C[CH]CCC=CC_m2.O_m1,11,0,1,2
CCCCC=CC_m1.[OH]_m2>>[CH2]CCCC=CC_m2.O_m1,9,0,0,2
CCCCC=CC_m1.[O][O]_m3>>CCCC[CH]C=C_m2.O[O]_m2,20,1,7,2
CCCCC=CC_m1.[O][O]_m3>>CCC[CH]C=CC_m2.O[O]_m2,15,1,3,2
CCCCC=CC_m1.[O][O]_m3>>CC[CH]CC=CC_m2.O[O]_m2,13,1,2,2
CCCCC=CC_m1.[O][O]_m3>>C[CH]CCC=CC_m2.O[O]_m2,11,1,1,2
CCCCC=CC_m1.[O][O]_m3>>[CH2]CCCC=CC_m2.O[O]_m2,9,1,0,2
CCCCC=CC_m1.O[O]_m2>>CCCC[CH]C=C_m2.OO_m1,20,1,7,3
CCCCC=CC_m1.O[O]_m2>>CCC[CH]C=CC_m2.OO_m1,15,1,3,3
CCCCC=CC_m1.O[O]_m2>>CC[CH]CC=CC_m2.OO_m1,13,1,2,3
CCCCC=CC_m1.O[O]_m2>>C[CH]CCC=CC_m2.OO_m1,11,1,1,3
CCCCC=CC_m1.O[O]_m2>>[CH2]CCCC=CC_m2.OO_m1,9,1,0,3
CCCCC=CC_m1.[CH3]_m2>>CCCC[CH]C=C_m2.C_m1,20,0,7,4
CCCCC=CC_m1.[CH3]_m2>>CCC[CH]C=CC_m2.C_m1,15,0,3,4
CCCCC=CC_m1.[CH3]_m2>>CC[CH]CC=CC_m2.C_m1,13,0,2,4
CCCCC=CC_m1.[CH3]_m2>>C[CH]CCC=CC_m2.C_m1,11,0,1,4
CCCCC=CC_m1.[CH3]_m2>>[CH2]CCCC=CC_m2.C_m1,9,0,0,4
CCCCC=CC_m1.C[O]_m2>>CCCC[CH]C=C_m2.CO_m1,20,1,7,5
CCCCC=CC_m1.C[O]_m2>>CCC[CH]C=CC_m2.CO_m1,15,1,3,5
CCCCC=CC_m1.C[O]_m2>>CC[CH]CC=CC_m2.CO_m1,13,1,2,5
CCCCC=CC_m1.C[O]_m2>>C[CH]CCC=CC_m2.CO_m1,11,1,1,5
CCCCC=CC_m1.C[O]_m2>>[CH2]CCCC=CC_m2.CO_m1,9,1,0,5
CCCCC=CC_m1.CO[O]_m2>>CCCC[CH]C=C_m2.COO_m1,20,2,7,6
CCCCC=CC_m1.CO[O]_m2>>CCC[CH]C=CC_m2.COO_m1,15,2,3,6
CCCCC=CC_m1.CO[O]_m2>>CC[CH]CC=CC_m2.COO_m1,13,2,2,6
CCCCC=CC_m1.CO[O]_m2>>C[CH]CCC=CC_m2.COO_m1,11,2,1,6
CCCCC=CC_m1.CO[O]_m2>>[CH2]CCCC=CC_m2.COO_m1,9,2,0,6
CCCC=CCC_m1.[H]_m2>>CCCC=CC[CH2]_m2.[H][H]_m1,20,0,6,1
CCCC=CCC_m1.[H]_m2>>CCC[CH]C=CC_m2.[H][H]_m1,17,0,6,1
CCCC=CCC_m1.[H]_m2>>CC[CH]C=CCC_m2.[H][H]_m1,13,0,5,1
CCCC=CCC_m1.[H]_m2>>C[CH]CC=CCC_m2.[H][H]_m1,11,0,1,1
CCCC=CCC_m1.[H]_m2>>[CH2]CCC=CCC_m2.[H][H]_m1,9,0,0,1
CCCC=CCC_m1.[O]_m3>>CCCC=CC[CH2]_m2.[OH]_m2,20,0,6,1
CCCC=CCC_m1.[O]_m3>>CCC[CH]C=CC_m2.[OH]_m2,17,0,6,1
CCCC=CCC_m1.[O]_m3>>CC[CH]C=CCC_m2.[OH]_m2,13,0,5,1
CCCC=CCC_m1.[O]_m3>>C[CH]CC=CCC_m2.[OH]_m2,11,0,1,1
CCCC=CCC_m1.[O]_m3>>[CH2]CCC=CCC_m2.[OH]_m2,9,0,0,1
CCCC=CCC_m1.[OH]_m2>>CCCC=CC[CH2]_m2.O_m1,20,0,6,2
CCCC=CCC_m1.[OH]_m2>>CCC[CH]C=CC_m2.O_m1,17,0,6,2
CCCC=CCC_m1.[OH]_m2>>CC[CH]C=CCC_m2.O_m1,13,0,5,2
CCCC=CCC_m1.[OH]_m2>>C[CH]CC=CCC_m2.O_m1,11,0,1,2
CCCC=CCC_m1.[OH]_m2>>[CH2]CCC=CCC_m2.O_m1,9,0,0,2
CCCC=CCC_m1.[O][O]_m3>>CCCC=CC[CH2]_m2.O[O]_m2,20,1,6,2
CCCC=CCC_m1.[O][O]_m3>>CCC[CH]C=CC_m2.O[O]_m2,17,1,6,2
CCCC=CCC_m1.[O][O]_m3>>CC[CH]C=CCC_m2.O[O]_m2,13,1,5,2
CCCC=CCC_m1.[O][O]_m3>>C[CH]CC=CCC_m2.O[O]_m2,11,1,1,2
CCCC=CCC_m1.[O][O]_m3>>[CH2]CCC=CCC_m2.O[O]_m2,9,1,0,2
CCCC=CCC_m1.O[O]_m2>>CCCC=CC[CH2]_m2.OO_m1,20,1,6,3
CCCC=CCC_m1.O[O]_m2>>CCC[CH]C=CC_m2.OO_m1,17,1,6,3
CCCC=CCC_m1.O[O]_m2>>CC[CH]C=CCC_m2.OO_m1,13,1,5,3
CCCC=CCC_m1.O[O]_m2>>C[CH]CC=CCC_m2.OO_m1,11,1,1,3
CCCC=CCC_m1.O[O]_m2>>[CH2]CCC=CCC_m2.OO_m1,9,1,0,3
CCCC=CCC_m1.[CH3]_m2>>CCCC=CC[CH2]_m2.C_m1,20,0,6,4
CCCC=CCC_m1.[CH3]_m2>>CCC[CH]C=CC_m2.C_m1,17,0,6,4
CCCC=CCC_m1.[CH3]_m2>>CC[CH]C=CCC_m2.C_m1,13,0,5,4
CCCC=CCC_m1.[CH3]_m2>>C[CH]CC=CCC_m2.C_m1,11,0,1,4
CCCC=CCC_m1.[CH3]_m2>>[CH2]CCC=CCC_m2.C_m1,9,0,0,4
CCCC=CCC_m1.C[O]_m2>>CCCC=CC[CH2]_m2.CO_m1,20,1,6,5
CCCC=CCC_m1.C[O]_m2>>CCC[CH]C=CC_m2.CO_m1,17,1,6,5
CCCC=CCC_m1.C[O]_m2>>CC[CH]C=CCC_m2.CO_m1,13,1,5,5
CCCC=CCC_m1.C[O]_m2>>C[CH]CC=CCC_m2.CO_m1,11,1,1,5
CCCC=CCC_m1.C[O]_m2>>[CH2]CCC=CCC_m2.CO_m1,9,1,0,5
CCCC=CCC_m1.CO[O]_m2>>CCCC=CC[CH2]_m2.COO_m1,20,2,6,6
CCCC=CCC_m1.CO[O]_m2>>CCC[CH]C=CC_m2.COO_m1,17,2,6,6
CCCC=CCC_m1.CO[O]_m2>>CC[CH]C=CCC_m2.COO_m1,13,2,5,6
CCCC=CCC_m1.CO[O]_m2>>C[CH]CC=CCC_m2.COO_m1,11,2,1,6
CCCC=CCC_m1.CO[O]_m2>>[CH2]CCC=CCC_m2.COO_m1,9,2,0,6
CCC=CC=O_m1.[O][O]_m3>>CCC=C[C]=O_m2.O[O]_m2,13,1,4,2
CCC=CC=O_m1.[OH]_m2>>CCC=C[C]=O_m2.O_m1,13,0,4,2
CCC=CC=O_m1.[H]_m2>>CCC=C[C]=O_m2.[H][H]_m1,13,0,4,1
CCC=CC=O_m1.[O]_m3>>CCC=C[C]=O_m2.[OH]_m2,13,0,4,1
CCC=CC=O_m1.O[O]_m2>>CCC=C[C]=O_m2.OO_m1,13,1,4,3
CCC=CC=O_m1.[CH3]_m2>>CCC=C[C]=O_m2.C_m1,13,0,4,4
CCC=CC=O_m1.C[O]_m2>>CCC=C[C]=O_m2.CO_m1,13,1,4,5
CCC=CC=O_m1.CO[O]_m2>>CCC=C[C]=O_m2.COO_m1,13,2,4,6
CCCC=CC=O_m1.[O][O]_m3>>CCCC=C[C]=O_m2.O[O]_m2,16,1,5,2
CCCC=CC=O_m1.[OH]_m2>>CCCC=C[C]=O_m2.O_m1,16,0,5,2
CCCC=CC=O_m1.[H]_m2>>CCCC=C[C]=O_m2.[H][H]_m1,16,0,5,1
CCCC=CC=O_m1.[O]_m3>>CCCC=C[C]=O_m2.[OH]_m2,16,0,5,1
CCCC=CC=O_m1.O[O]_m2>>CCCC=C[C]=O_m2.OO_m1,16,1,5,3
CCCC=CC=O_m1.[CH3]_m2>>CCCC=C[C]=O_m2.C_m1,16,0,5,4
CCCC=CC=O_m1.C[O]_m2>>CCCC=C[C]=O_m2.CO_m1,16,1,5,5
CCCC=CC=O_m1.CO[O]_m2>>CCCC=C[C]=O_m2.COO_m1,16,2,5,6
C#CC=CC#C_m1.[H]_m2>>C#C[C]=CC#C_m2.[H][H]_m1,7,0,2,1
C#CC=CC#C_m1.[OH]_m2>>C#C[C]=CC#C_m2.O_m1,7,0,2,2
C#C[C]=CC#C_m2.[H]_m2>>C#CC#CC#C_m1.[H][H]_m1,7,0,3,1
C#C[C]=CC#C_m2.[OH]_m2>>C#CC#CC#C_m1.O_m1,7,0,3,2
c1ccccc1_m1.[H]_m2>>c1[c]cccc1_m2.[H][H]_m1,7,0,1,1
c1ccccc1_m1.[O][O]_m3>>c1[c]cccc1_m2.O[O]_m2,7,1,1,2
c1ccccc1_m1.[O]_m3>>c1[c]cccc1_m2.[OH]_m2,7,0,1,1
c1ccccc1_m1.[OH]_m2>>c1[c]cccc1_m2.O_m1,7,0,1,2
c1ccccc1_m1.O[O]_m2>>c1[c]cccc1_m2.OO_m1,7,1,1,3
c1ccccc1_m1.[CH3]_m2>>c1[c]cccc1_m2.C_m1,7,0,1,4
C=O_m1.c1[c]cccc1_m2>>[CH]=O_m2.c1ccccc1_m1,3,1,0,7
[CH]=O_m2.c1[c]cccc1_m2>>[C]=O_m3.c1ccccc1_m1,1,1,0,7
Oc1ccccc1_m1.[H]_m2>>[O]c1ccccc1_m2.[H][H]_m1,7,0,0,1
Oc1ccccc1_m1.[O][O]_m3>>[O]c1ccccc1_m2.O[O]_m2,7,1,0,2
Oc1ccccc1_m1.[O]_m3>>[O]c1ccccc1_m2.[OH]_m2,7,0,0,1
Oc1ccccc1_m1.[OH]_m2>>[O]c1ccccc1_m2.O_m1,7,0,0,2
Oc1ccccc1_m1.O[O]_m2>>[O]c1ccccc1_m2.OO_m1,7,1,0,3
Oc1ccccc1_m1.[CH3]_m2>>[O]c1ccccc1_m2.C_m1,7,0,0,4
Oc1ccccc1_m1.[CH2]C=C_m2>>[O]c1ccccc1_m2.CC=C_m1,7,4,0,5
Oc1ccccc1_m1.C=[C]C=C_m2>>[O]c1ccccc1_m2.C=CC=C_m1,7,1,0,7
Oc1ccccc1_m1.c1[c]cccc1_m2>>[O]c1ccccc1_m2.c1ccccc1_m1,7,1,0,7
Oc1ccccc1_m1.[O]Oc1ccccc1_m2>>[O]c1ccccc1_m2.OOc1ccccc1_m1,7,0,0,8
Oc1ccccc1_m1.[H]_m2>>Oc1c[c]ccc1_m2.[H][H]_m1,9,0,3,1
Oc1ccccc1_m1.[O]_m3>>Oc1c[c]ccc1_m2.[OH]_m2,9,0,3,1
Oc1ccccc1_m1.[OH]_m2>>Oc1c[c]ccc1_m2.O_m1,9,0,3,2
Oc1ccccc1_m1.O[O]_m2>>Oc1c[c]ccc1_m2.OO_m1,9,1,3,3
Oc1ccccc1_m1.[CH3]_m2>>Oc1c[c]ccc1_m2.C_m1,9,0,3,4
O=C1C=CC(=O)C=C1_m1.[H]_m2>>O=C1[C]=CC(=O)C=C1_m2.[H][H]_m1,9,0,2,1
O=C1C=CC(=O)C=C1_m1.[O]_m3>>O=C1[C]=CC(=O)C=C1_m2.[OH]_m2,9,0,2,1
O=C1C=CC(=O)C=C1_m1.[OH]_m2>>O=C1[C]=CC(=O)C=C1_m2.O_m1,9,0,2,2
C1C=CC=C1_m1.[H]_m2>>[CH]1C=CC=C1_m2.[H][H]_m1,6,0,5,1
C1C=CC=C1_m1.[O][O]_m3>>[CH]1C=CC=C1_m2.O[O]_m2,6,1,5,2
C1C=CC=C1_m1.[O]_m3>>[CH]1C=CC=C1_m2.[OH]_m2,6,0,5,1
C1C=CC=C1_m1.[OH]_m2>>[CH]1C=CC=C1_m2.O_m1,6,0,5,2
C1C=CC=C1_m1.O[O]_m2>>[CH]1C=CC=C1_m2.OO_m1,6,1,5,3
C1C=CC=C1_m1.[CH3]_m2>>[CH]1C=CC=C1_m2.C_m1,6,0,5,4
C1C=CC=C1_m1.[CH]=O_m2>>[CH]1C=CC=C1_m2.C=O_m1,6,0,5,3
C1C=CC=C1_m1.C=[CH]_m2>>[CH]1C=CC=C1_m2.C=C_m1,6,1,5,3
C1C=CC=C1_m1.[CH2]C=C_m2>>[CH]1C=CC=C1_m2.CC=C_m1,6,4,5,5
C1C=CC=C1_m1.C=[C]C=C_m2>>[CH]1C=CC=C1_m2.C=CC=C_m1,6,1,5,7
C1C=CC=C1_m1.C=CC=[CH]_m2>>[CH]1C=CC=C1_m2.C=CC=C_m1,6,3,5,9
C1C=CC=C1_m1.c1[c]cccc1_m2>>[CH]1C=CC=C1_m2.c1ccccc1_m1,6,1,5,7
C1C=CC=C1_m1.[O]c1ccccc1_m2>>[CH]1C=CC=C1_m2.Oc1ccccc1_m1,6,0,5,7
CC=CC=C_m1.[H]_m2>>[CH2]C=CC=C_m2.[H][H]_m1,7,0,6,1
CC=CC=C_m1.[OH]_m2>>[CH2]C=CC=C_m2.O_m1,7,0,6,2
O=CCCC=O_m1.[H]_m2>>O=[C]CCC=O_m2.[H][H]_m1,6,0,1,1
O=CCCC=O_m1.[OH]_m2>>O=[C]CCC=O_m2.O_m1,6,0,1,2
C1[CH]C=CC1_m2.[H]_m2>>C1C=CC=C1_m1.[H][H]_m1,11,0,1,1
C1[CH]C=CC1_m2.[O]_m3>>C1C=CC=C1_m1.[OH]_m2,11,0,1,1
C1[CH]C=CC1_m2.[OH]_m2>>C1C=CC=C1_m1.O_m1,11,0,1,2
O[O]_m2.C1C=CC=C1_m1>>[O][O]_m3.C1[CH]C=CC1_m2,2,1,1,11
OC=CC=O_m1.[OH]_m2>>OC=C[C]=O_m2.O_m1,8,0,3,2
OC=CC=O_m1.O[O]_m2>>OC=C[C]=O_m2.OO_m1,8,1,3,3
OC=CC=O_m1.[CH3]_m2>>OC=C[C]=O_m2.C_m1,8,0,3,4
OC=CC=O_m1.[O]_m3>>OC=C[C]=O_m2.[OH]_m2,8,0,3,1
OC=CC=O_m1.[O][O]_m3>>OC=C[C]=O_m2.O[O]_m2,8,1,3,2
OC=CC=O_m1.[H]_m2>>OC=C[C]=O_m2.[H][H]_m1,8,0,3,1
CC=CC#C_m1.[O]_m3>>[CH2]C=CC#C_m2.[OH]_m2,7,0,0,1
CC=CC#C_m1.[OH]_m2>>[CH2]C=CC#C_m2.O_m1,7,0,0,2
OC1C=CC=C1_m1.[H]_m2>>[O]C1C=CC=C1_m2.[H][H]_m1,6,0,0,1
OC1C=CC=C1_m1.[O]_m3>>[O]C1C=CC=C1_m2.[OH]_m2,6,0,0,1
OC1C=CC=C1_m1.[OH]_m2>>[O]C1C=CC=C1_m2.O_m1,6,0,0,2
OC1C=CC=C1_m1.O[O]_m2>>[O]C1C=CC=C1_m2.OO_m1,6,1,0,3
OC1C=CC=C1_m1.[H]_m2>>O[C]1C=CC=C1_m2.[H][H]_m1,7,0,1,1
OC1C=CC=C1_m1.[O]_m3>>O[C]1C=CC=C1_m2.[OH]_m2,7,0,1,1
OC1C=CC=C1_m1.[OH]_m2>>O[C]1C=CC=C1_m2.O_m1,7,0,1,2
OC1C=CC=C1_m1.O[O]_m2>>O[C]1C=CC=C1_m2.OO_m1,7,1,1,3
[O]C1C=CC=C1_m2.[O][O]_m3>>O=C1C=CC=C1_m1.O[O]_m2,6,1,1,2
O[C]1C=CC=C1_m2.[H]_m2>>O=C1C=CC=C1_m1.[H][H]_m1,6,0,0,1
O[C]1C=CC=C1_m2.[O][O]_m3>>O=C1C=CC=C1_m1.O[O]_m2,6,1,0,2
O=C1C=CC=C1_m1.[H]_m2>>O=C1[C]=CC=C1_m2.[H][H]_m1,9,0,2,1
O=C1C=CC=C1_m1.[O]_m3>>O=C1[C]=CC=C1_m2.[OH]_m2,9,0,2,1
O=C1C=CC=C1_m1.[OH]_m2>>O=C1[C]=CC=C1_m2.O_m1,9,0,2,2
